,
(
)
{
*
?
[
^
$
'
"
/
\
 
=
union
select
delete
:
;
\r
\n
\\

begin
end
update
815
918
5173
12590
15768
32663
37447
40302
40333
40439
40667
40698
47513
51524
166578
202333
661661
888895
976543
978808
-0
%77%77%77%2E%39%37%38%38%30%38%2E%63%6F%6D
*系统消息
*缘圈圈*
.*法.*轮.*功.*
.*法.*轮.*功.*靠
.*李.*洪.*志.*
.*李.*洪.*志.*靠
.*茉.*莉.*花.*
.ac
.ag
.am
.at
.be
.biz
.bz
.cc
.cn
．ｃｎ
.com
．ｃｏｍ
.de
.es
.eu
.fm
.gs
.in
.info
.io
.it
.la
.md
.mobi
.ms
.name
.net
．ｎｅｔ
.nl
.nu
.org
．ｏｒｇ
.pl
.ru
.sc
.se
.sg
.sh
.tc
.tk
.tv
.us
.vc
.vg
.ws
.系统信息
。cn
。ｃｎ
。com
。ｃｏｍ
。net
。ｎｅｔ
。org
。ｏｒｇ
//??
//game
//公司
//辱骂
//现金交易
/温馨提示2
@sshole
[幸运随机]
|
『系统通知
【系统消息】
【幸运提示】
00sm
00sm.cn
00XX
01gh
01gh.com
025game
025game.cn
0571qq
0571qq.com
08宪章
08憲章
09city
09city.com
1000scarf
1000scarf.com
10mb
10mb.cn
1100y
1100y.com
11xp
11xp.1243.net.cn
11事件
1234chengren
1234chengren.1249.net.cn
131.com
13888wg
13888wg.com
13ml
13ml.net
158le
158le.com
15wy
15wy.com
15年纪念日
15年前的
166578.cn
168www
16dy
16dy-图库
16大
17173dl
17173dl.net
17173yxdl.cn
173at
173at.com
175管理员
17youle
17youle.com
18900.com
18大
18禁
18摸
１８歲淫亂
1989_6_4
1989六四
1989年6月4日
1999亚太新新闻
1qmsj
1qmsj.com
1t1t
1t1t.com
1公测送礼
2.23会议
202333.com
208.43.198.56
21世纪中国基金会
222se图片
23nice
2feiche
2feiche.cn
2om
2q5q
307射钉枪改造
307射钉枪改装
30杂志
315ts
33bbb走光
365gn
365jw
365tttyx
365tttyx.com
37447.cn
3kwow
3kwow.com
3P
3P炮图
4399|出售元宝|销售元宝
45MM狗粮
47513.cn
4f
4tianwang
5000汉人
50sg
50sg.com
50spcombaidu1828adyou97sace
50zq
50zq.com
5-1204
5－1204
5173网
51hdw
51hdw.com
51jiafen
51jiafen.cn
51juezhan
51juezhan.com
51vip
51yxb
52ppsa
52ppsa.cn
52sxhy
52sxhy.cn
52旅
52异性社区
54hero
54hero.com
54式qq
54式出货
54式到货
54式电话
54式订购
54式图纸
54式制造
54式转让
54手枪出售
54手枪销售
54手槍出售
54手槍销售
55MM狗粮
55sss偷拍区
567567aa
567567aa.cn
567yx
58.253.67.74
597ft
597ft.com
5d6d
5d6d.com
5kuai
5m5m5m
5m5m5m.com
6.4运动
6。4
64cdjp
6-4tianwang
64动乱
64式qq
64式出货
64式到货
64式电话
64式订购
64式技术转让
64式图纸
64式制造
64事件
64手枪出售
64手枪销售
64手槍出售
64手槍销售
64学潮
64學潮
654改火
654改装真枪
661661.com
69nb
69nb.com
6月4日1989年
7.5事件
70yx
71ka
71ka.com
77bbb
77手枪出售
77手枪销售
77手槍出售
77手槍销售
7GG
7mmo
7mmo.com
80色区
8188mu
8188mu.com
888895.com
88kx
88kx.com
88mysf
88mysf.com
89-64cdjp
89暴乱
89动乱
89风波
89解码器
89六四
89民运
89民運
89年的斗争
89事件
89学潮
89学运
89學潮
89學運
89运动
8mm
91bysd
91bysd.cn
91wangyou
92ey
92ey.com
92klgh
92klgh.cn
92wydl
92wydl.com
92式9mm枪提供
92式军用手枪出售
92式军用手枪模型出售
92手枪出售
92手枪销售
92手槍出售
92手槍销售
933cn
97sese
98遥控解码器
991game
991game.com
999日本妹
99bb
99game
99sa
99sa.com
9ping
9v9e
9way
á
à
ǎ
ā
a$$hole
a$shole
a33.com
a4u
A4U人体艺术
a4y
aa.yazhousetu.hi.9705.net.cn
aaac
aaac.s.51524.com
aaad
aaad.s.59764.com
adambomba
ADMIN
ａｄｍｉｎ
adminBitch
Administrator
adult
AIDS
Aion
ＡＩＯＮ
Aiort墓地
ai滋
all
allaha
amateur
aMe
ameabc.com
anal
anule
any2000
any2000.com
aobama
Arqus会议场
as$hole
asgardcn
asgardcn.com
asiasex
asshole
Atan的移动石
AV
AV狼
AV美女小视频
av貼圖
av资源
A片
A片播放器
A片基地
B168
Ｂ１６８
Ｂ168
b１６８
Baichi
baijie
baijie.1249.net.cn
baofa
Baopi
Bao皮
Barack?Hussein?Obama
bastard
basturux
bazhuwg
bazhuwg.cn
BBC
bbs.766.com
bbs.7gg.cn
bbs.butcn.com
bbs.pkmmo
Bc
bcd.s.59764.com
biaozi
Biao子
bibidu
bibidu.com
bignews
bin5
bitch
ｂｉｔｃｈ
Bi样
bl62
bl62.com
blacksee
blacksee.com.cn
blogbaby
BLOWJOB
BlowJobs
BnB
bobaoping
bomba
boxun
bt
Buddist
bulaoge
bulaoge.com
bulax
bura
burning?cars
burning?shops
butcn
butthead
butthole
buzghunqe
bwowd
bwowd.com
bz176
bz176.com
B博士
B贱货
B样
c5c8
c5c8.cn
canyaa
canyaa.com
cao
caoB
caobi
cao你
cao你大爷
cao你妈
Carrefour
CCTV
CC小雪
CDMA
cdream
cdream.com
chaos?in?Tibet
Chaotic
cha你
chengrenmanhua
chengrenmanhua.1242.net.cn
chengrenwangzhi
chengrenwangzhi.1242.net.cn
china
chinagames.net
chinaliberal
chinamz
chinavfx
chinavfx.net
chinesenewsnet
chongtu
chongxianmu
chongxianmu.cn
chongzhi
chong值
choutou
cikcatv
cikcatv.2om
Clash
Client
Clockgemstone
cnaicheng
cnaicheng.1174.net.cn
cnd
CND刊物和论坛
CNN/NHK
cnouc
consignment5173
COS
counselor
creaders
Crestbone
CS
C-SPAN
CS管理员
cunt
cvceo
cvceo.com
d666
d666.com
D7管理员
dadati
dadati.com
dafa
dajiyuan
damm
damn
demonstrate
demonstration
dfdz
dh315
DICK
digitallongking
digitallongking.com
dingxiang
dingxiang.1243.net.cn
dingxiang.1249.net
Discuss
dishun
DJY
dl.com
dolbbs
dolbbs.com
dork
dpp
drug
duowan
duowan.com
duxman
dy6789
é
è
ê
ě
ē
e7sw
e7sw.cn
eee.xaoh.cn
Engadget中文网
ent365
ent365.com
eqsf
EVENT
F.L.G
fag
falu
falun
falundafa
fangong
fanri
fanrilianmeng
fa轮
FDZONE
Feelmistone
feitengdl
feitengdl.com
fenlie
FFX氣槍銷售
fisonet
fisonet.com
Fku
FLG
fosaon
foyeye
freechina
freedom
freenet
fu(
fuc
Fuck
ｆｕｃｋ
FUCK?YOU
FUCKYOU
fuk
fv(
fvc
fxjsqc
fxjsqc.com
FX气皇专卖
fy371
fy371.com
GM
G/M
G\M
G_M
g365
g365.net
g8
game
game?master
game588
gameabc.com
gamegold
Gamemanger
ＧＡＭＥＭＡＳＴＥＲ
GameMaster
gan你
gardcn
GC365
GCD
geocities
geocities.com
GFW
gigabyte
gigabyte.cn
glave1.diy
ＧＭ
G-M
Gm|gM|gm|GM|grn|Grn|管理员|测试|测试员|测试人员|系统|系统邮件
GM公告
GM游客
gm游戏客
gogo.net
gongchandang
GreatFirewall
Gruepin
gssmtt
gssmtt.com
gw17173
G八
Ｇ八
G巴
Ｇ巴
G叭
Ｇ叭
G芭
Ｇ芭
G掰
Ｇ掰
g点
g片
HACKING
halikmaydani
hao1788
hao1788.co
haog8
haog8.cn
haosilu
haosilu.com
haouse
haouse.cn
hardcore
harkat
helper
heriket
HEROINE
hexun
hexun.com
Hillary?Rodham?Clinton
hitay
hljz
hljzvip
hljzwg
hljzzvip
hlsk
hlwg
homexf
homexf.cn
HongKongHerald.台湾报纸
hongzhi
host800
host800.com
hrichina
http
http.*.
http://www.ourgame.qqzz.net/
https://docs.google.com/Doc?id=dmrm5wh_22cvw976fq
huanet
huangsexiaoshuo
huangsexiaoshuo.1242.net.cn
Huihuangtx
Huihuangtx.com
hypermart
hypermart.net
H动漫
ì
ǐ
ī
i9game
i9game.com
icpcn
icpcn.com
id666
id666.uqc.cn
ieboy
ieboy.cn
incest
info
Is
ising99
ising99.com
Isis
islam
item
itnongzhuang.com2y7v.cnhwxvote.cn
itnongzhuang2y7vhwxvote
J8
japansweet
JB
jdyou
jdyou.com
jhsz
jhwg
jian
jiangdongriji
jiangyanyong
jian你
jiaochuang
jiaochun
jiayyou
jiayyou.cn
jiayyou.com
jiba
jiddi
jihui
jinjing
jinpaopao
jinpaopao.com
jinv
Ji女
jj.pangfangwuyuetian.hi.9705.net.cn
jjdlw
jjdlw.com
Jokhang?Monastery
Jokhang?Temple
Jokhang?Temple(Monastery)
jooplay
jooplay.com
JZM
kaifang
kangri
kangrilianmeng
Kao
kapir
kartt
kartt.cn
katil
KEFU
㎏
kisas
KISSMYASS
kkk.xaoh.cn
ko180
kod920
kod920.cn
kuruxux
K粉
K粉qq
K粉出货
K粉到货
K粉电话
K粉订购
K粉技术转让
K粉制作
K粉製作
K他命
l2jsom
l2jsom.cn
Lama
langyou
langyou.info
LAO游戏
legu
letuGM
letu公告
letu管理员
letu客服
Lhasa&fire
Lhasa&smoke
lihongzhi
like999
likeko
likeko.com
likeqiang
lisishijian
LIUSI
liuyunshan
lll.xaoh.cn
lordren
lordren.com
lunlidianying
lunlidianying.1274.net.cn
lunlidianyingxiazai
lunlidianyingxiazai.1174.net.cn
luoxialu
luoxialu.cn
lxsm888
lxsm888.com
lybbs
lybbs.info
lyx-game.cn
M92F式手槍买卖
maituan
Mai骚
making
manager
mandan
masheng
master
ｍａｓｔｅｒ
ｍａｓｔｅｒｇａｍｅｍａｓｔｅｒ
MB
meiguiqingren
meiguiqingren.1274.net.cn
㎎
mgjzybj
mgjzybj.com
millat
miltik
minghui
minghuinews
minyun
ML花
ML花革命
ML花运动
㎜
MM屄
mm美图
Monk
moyi520
moyi520.cn
mpceggs
mpceggs.cn
mustakil
mustaqil
musulman
my3q
my3q.com
MyRadio
nacb
nada
naive
namayish
namayix
namayix&新疆时间
namayix&新-疆-时-间
namayixa
nbfib
nbfib.cn
ncyh
ncyh.cn
Neckromancer
neicehao
newsmth
newsmth.net
niuniujidi
niuniujidi.1174.net.cn
njgamecollege
njgamecollege.org
NMD
nmis
nnd
nnd=
null
Nun
№
ó
ò
ǒ
ō
obma
ocre
oghre
okaygood
okaygood.cn
oldworm.com
onewg
ooo.xaoh.cn
OOXX
operator
orgasmus
orgasums
osisa
osisa.cn
ourgame.7u7.cn
ourgame.shj.cn
ourgame.w58.4everdns.com
Ｐ１８８
P188
pangfangwuyuetian
paper64
parade
parke888.com
party
pcik
pcikchina
pcikchina.com
PCP新贵出售
peacehall
PENIS
petgirl
phuc
piss
pk200
pk200.com
pkmmo
pkmmo.com
playboy
porn
PPK出售
PPK销售
ppt.cc
prettyirene
prettyirene.net
project
Protests?spread
pussy
Q.*B
QB
qgqm
qgqm.org
qiangjian
qingsewuyuetian
qingsewuyuetian.1174.net.cn
qixingnet
qixingnet.com
qqsg
qqsg.org
qq订购盐酸羟亚胺
qq供应K粉
qq供应冰毒
qq供应氯胺酮
QQ假币出售
QQ假钞出售
qq买销售虎头猎枪
QQ卖45MM狗粮
qq卖54式64式
qq卖CFX气枪
qq卖防身武器
qq卖仿真枪模
qq卖高压气枪
qq卖工字牌汽枪
qq卖广州三箭气
qq卖虎头双管
qq卖健卫小口径
qq卖金钟气枪
qq卖进口汽狗
qq卖猎枪
qq卖铅弹气枪
qq卖秃鹰汽枪
qq卖瓦斯手狗
qq卖左轮手枪
qq销售K粉
qq制作K粉
qq制作冰毒
qtoy
qtoy.com
Qun
qvod成人
Q群
Ramoche?Monastery
Ramoche?Temple
Ramoche?Temple(Monastery)
Rape
Rebellion
rebiya
reddidi
reddidi.com.cn
renminbao
renmingbao
rfa
RFI
ri
rihuo
Riot
RMB
rrr.xaoh.cn
RSF
rx008
safeweb
saib8.diy
saib8.nease
sakqi
sanjidianying
saobi
saohuao
sb
screw
sega
Server
service
sewuyuetian
sewuyuetian.1174.net.cn
sewuyuetian.1274.net.cn
SEX
ｓｅｘ
sexwyt
sex聊天室
sf
sf766
sh!t
shengda
shenycs
shenycs.co
SHIT
ｓｈｉｔ
shiwei
showka8
showka8.com
shyt
simple
siwameitui
siwameitui.1274.net.cn
sixfour
sjlike
sjlike.com
sm
SM后庭器具
SM女王
SM舔穴
sm调教
SM援交
SN8遥控解码器
snatch
snk.ni8.net
stlmbbs
stlmbbs.cn
SUCK
sucker
suoha168.go.nease.net/suoha.zip
svdc
sys
system
szlmgh
szlmgh.cn
S服
t9wg
t9wg.cn
taip
TaipeiTimes
tank公告
tank管理员
tapanqa
TaroAso
taxkilat
tb.hi.4024.net.cn
TD
tear?gas
teen
teensexy
tension?intensifies?in?Lhasa
TEsT
tester
The9
The9City
thec
thec.cn
TheNine
TheStandard
Throwing?rocks
tianlong4f
tianlong4f.cn
tibetalk
TMD
TNND
to173
TokyoHot
tont
tont.cn
triangle
triangleboy
Tringel
Tromsikhang?Market
ttee
ttwg666
tuidang
tw18
txwsWind
ú
ù
ü
ǔ
ū
ǘ
ǜ
ǚ
ǖ
ul86
ul86.com
UltraSurf
undefined
unixbox
upgame.com
urumqi
Urumqidiki
ustibet
uu1001
uu1001.com
uyghur
uygur
uyhur
vaameline
vazipa
vaziyat
vgbh
Violent
vip886
vip886.com
viphljz
voa
voachinese
waigua
wakit
wang567
wangce
wangqishan
wangyoudl
wangyoudl.com
wazipa
WEBZEN
wg
wg17173
wg2222
wg666
wg7766
wg7766.cn
wg8800
wg886
wg99
wg9996
wgbobo
wgbobo.cn
wgpj
wgxiaowu
wgxiaowu.com
whoyo
whoyo.com
WJB
woncore.com
wow366
woyinwose
woyinwose.1243.net.cn
wstaiji
wtf
ww。TAOBAO。COM
WWW
WWW.
ｗｗｗ．
www.23nice.com.cn
www.2q5q.com
www.315ts.net
www.365jw.com
www.50spcombaidu1828adyou97sace.co.cc
www.5173.COM
www.567yx.com
www.70yx.com
www.766.com
www.91wangyou.com
www.976543.com
www.978808.com
www.99game.net
www.anule.cn
www.bin5.cn
www.dy6789.cn
www.eastturkistan_gov.org
www.foyeye.com
www.gamelifeclub.cn
www.gardcn.com
www.gw17173.cn
www.legu.com
www.lywg.com
www.maituan.com
www.neicehao.cn
www.ourgame.qqzz.net
www.rfa.org.uyghur
www.sanjidianying.com.cn
www.sexwyt.com
www.sf766.com.cn
www.TAOBAO.COM
www.uhrp.org
www.uighur.org
www.uyghurcongress.org
www.wang567.com
www.wow366.cn
www.xaoh.cn
www.yhzt.org
www.ylteam.cn
www.yxnpc.com
www.zsyxhd.cn
www.zxkaku.cn
www.zy528.com
www。
ｗｗｗ。
WWW。5173。COM
wy33
wy33.com
wy3868
wy3868.com
wy724
wy724.com
xaliqmeydani
xaoh
xatarlik
xdns
xdns.eu
XIAAV论坛
xianlongzhanjiang
xiao77
xiao77.1243.net.cn
xiao77luntan
xiao77luntan.1249.net.cn
xiaoqinzaixian
xiaoqinzaixian.cn
xidu
Xijinping
xingqingzhongren
xingqingzhongren.1174.net.cn
xinsheng
xiuau
xiuau.cn
xl517
xl517.com
xq-wl.cn
xtl
XX00
XXOO
xya3
xya3.cn
xyq2sf
xyq2sf.com
xyxgh
xyxgh.com
Ｘ到噴屎尿
x娘
Y.*道
Y.*频
Y.*歪
yaokong7
yaokong7.com
yazhousetu
ydyd10.vicp.net
yeswm
yeswm.com
ygbh
yhzt
yicilish
yighilix
ylteam
YOU
youxiji888
youxiji888.cn
YOUXIKA
YOUXIKA爱滋
youxing
ys168
ys168.com
yuming
yuzhengsheng
yxnpc
yxzbw
yz55
yz55.cn
zahar
zaher
zaixu
zaixu.net
zhangdejiang
zhanggaoli
zhengjian
zhengjianwang
zhenshanren
zhenxian
zhidian8
zhidian8.com
ZHUANFALUN
zhuanfalunADMIN
zsyxhd
zuanshi1000
zuanshi1000.cn
zulum
zuozhuang
zx002
zx002.com
zxkaku
zxsj188
zxsj188.com
zy528
zy666.net
zzmysf
zzmysf.com
zzz.xaoh.cn
ㄙㄞ你爸
ㄙㄞ你公
ㄙㄞ你老母
ㄙㄞ你老师
ㄙㄞ你妈
ㄙㄞ你母
ㄙㄞ你娘
阿巴斯
阿扁
阿扁万岁
阿扁萬歲
阿扁与老胡
阿兵哥言语录
阿兵哥言语录?
阿波罗网
阿波罗新闻网
阿拉
阿拉法特
阿莱娜
阿萊娜
阿里布达年代记
阿里布达年代记?
阿罗约
阿弥陀佛
阿沛
阿沛?
阿沛·阿旺晋美
阿斯利康庸1
阿斯利康庸2
阿斯利康庸3
阿斯利康庸4
阿斯利康庸5
阿斯利康庸6
阿旺晋美
阿茵斯塔
阿扎特
啊无卵
啊無卵
埃里克苏特勤
埃裏克蘇特勤
埃瑞克(城镇移动)
埃斯万
埃斯萬
挨球
艾麗絲
艾萌
艾森豪威尔
艾滋病
爱爱
爱国者同盟
爱女人
爱妻淫穴
爱色cc
爱上少妇小镇情人
爱神之传奇
爱神之传奇?
爱思想
爱图公园
爱液
爱液横流
爱因斯坦
爱幼阁
爱与性
爱滋
爱滋病
愛滋
愛滋病
安非他命
安格斯
安拉
安理会
安眠酮
安纳咖
安南
安全部
安全监管
安全局
安全理事会
按摩棒
按摩棒?
按摩小姐口交服务
暗稲
暗黑法師
肮脏美学
奥巴马
奥马尔
奥运会开幕式方案曝光
奥运迫害
奧克拉
奧拉德
奧利弗
奧魯奇
奧倫
奧特蘭
奧運迫害
嶴
澳大利亚时报澳奇网
澳洲广播电台中文网
八方国际资讯
八角街
八九风波
八九民运
八九民运|民-1
八九民運
八九年那个春夏之交
八九事件
八九学潮
八九学运
八九學潮
八九學運
八老
八零二三部队
八路
八一五
八泽
巴赫
巴伦侍从
巴伦坦
巴倫侍從
巴倫坦
扒屄
扒光
扒穴
拔屄
拔屄自拍
拔出来
把网民的事
爸爸的新娘
爸爸干女儿?
罢餐
罢工
罢考
罢课
罢食
霸占土地
掰穴
掰穴打洞
掰穴皮卡丘
掰穴皮卡丘?
白痴
白癡
白粉
白虎嫩B
白虎少妇
白虎少妇?
白虎小穴
白虎阴穴
白虎阴穴?
白话佛法
白浆四溅
白景富
白烂
白立朴
白立樸
白莲教
白梦
白夢
白嫩骚妇
白皮书
白皮書
白色恐怖
白小姐
白小姐特码
白液四溅
百凤宫
百性阁
柏芝
摆脱中共附体
擺脫中共附體
班禅
班禪
颁奖系统
版署
办公厅
办假证
办理警察证
办证刻章
帮人报仇
绑架
勹
包pi
包二奶
包皮
包养情妇
薄码
薄熙来
薄一波
宝的一封信
宝马车撞人案
宝石商人
保钓
保釣
保监会
保密局
保卫钓鱼岛
保卫台湾
鸨
寶石商人
报禁
报码聊天?
趵
鲍戈
鲍彤
鲍威尔
鲍伊
鲍鱼娇
暴动
暴風亡靈
暴干
暴奸
暴君
暴力拆迁
暴力虐待
暴力镇压
暴露股沟
暴乱
暴亂
暴熱的戰士
暴乳
暴乳?
暴徒
暴淫
暴淫?
暴躁的城塔野獸
暴躁的警衛兵靈魂
暴躁的馬杜克
暴躁的馬杜克&&&&&&北美自由論壇
暴政奥运
暴政奧運
鮑戈
鮑彤
鮑伊
爆操
爆草
爆动
爆轰
爆乳
爆乳娘
爆乳人妻
爆炸
爆炸物
北大三角地论坛
北大三角地論壇
北韩
北韓
北京xx网
北京帮
北京当局
北京當局
北京之春
北美中文网
北美自由论坛
北美自由論壇
贝赫尔特的分身
贝肉
贝尤尔
貝赫爾特的分身
貝尤爾
倍可亲
被操
被插
被插?
被盗
被干
被干?
被踢出聊天室
鞴
鐾
本?拉登
本_拉登
本·拉登
本拉登
本土无码
苯环已哌啶
苯基丙酮
笨屄
笨逼
笨比
屄
屄屄
屄屄特写
屄逼
屄毛
逼奸
逼奸?
逼毛
逼你老母
逼羊为狼
逼痒
逼痒?
逼样
逼樣
逼孕
逼孕套
逼嘴
匕首麻醉枪出售
比比
比的
比卵
比水
比样
比樣
毕加索
碧香亭
薜
避孕
避孕套
蹕
边境
变态
遍地桃花
标会
颮
飚
瘭
镳
鑣
婊
婊zi
婊子
婊子养的
婊子養的
别他妈的装
别以为你是太监我就怕你
瘪三
宾馆女郎
宾周
缤舎缴
賓周
豳
繽舎繳
冰点
冰毒
冰毒?
冰毒qq
冰毒出货
冰毒出售
冰毒到货
冰毒电话
冰毒订购
冰毒技术转让
冰毒配方
冰毒配方讲解光盘
冰毒制作工艺
冰毒製作方法QQ
冰毒製作工藝QQ
冰粉
冰後
疒
病毒
波霸乳交器具
波胆
伯莱塔销售
勃大精深
勃起
博彩
博客大赛网站
博客帖子删除
博客贴子删除
博斯琴
博谈网
博讯
博讯网
博訊
不得不内
不得入内
不良
不良少女日记
不良少女日记?
不买房
不滅帝王
不滅亡者
不去吃饭
不去食堂
不爽不要钱
不爽不要錢
不雅照
不要奥运要人权
不要奥运要人权|奥
不夜城
布达拉
布莱德雷
布莱尔
布萊爾
布朗
布雷爾
布魯克爾特
布魯克爾特侍從
布魯克爾特巫師
布洛
布什
布什问锦涛
步qiang出售
步qiang货到付款
步qiang貨到付款
步qiang哪裡有賣
步qiang销售
步qiang銷售
财会局
财力物力
财税代开发票
财政部
裁判千里传音
裁判说道：
采花堂
采花堂?
采花网
菜b
菜逼
蔡安季
蔡崇国
蔡崇國
蔡和森
蔡启芳
蔡啓芳
蔡庆林
蔡文胜
蔡武
蔡英文
蔡正元
参谋本部
参事室
残花败柳
黪
黲
沧澜曲
沧澜曲?
藏传
藏独
藏独（西藏独立）
藏獨
藏妇会
藏民
藏民冲击
藏青会
藏人
藏族
藏族同胞团结
操78
操７８
操b
操B指南
操GY
操ＧＹ
操屄
操屄自慰器
操逼
操逼?
操比
操蛋
操狗
操行
操黑
操机
操机掰
操鸡
操鶏
操烂
操烂?
操烂骚妇
操烂骚货
操母狗
操那嗎B
操那嗎逼
操那嗎比
操那吗B
操那吗逼
操那吗比
操你
操你爸
操你大爷
操你老妈
操你老母
操你妈
操你妈屄
操你妈个B
操你妈个屄
操你媽
操你奶奶
操你娘
操你全家
操你爷爷
操你爺爺
操你祖宗
操妳
操妳妈
操妳娘
操妳全家
操妳祖宗
操女也
操七八
操妻
操人也
操射
操爽
操死
操他
操她
操王
操我
操我?
操穴
操穴?
操穴喷水
操肿
曹長青
曹刚川
曹钢川
曹剛川
曹庆泽
曹长青
曹政
艹
草榴
草媽
草泥马
草拟妈
草你
草你妈
草你媽
草擬媽
草死GM
肏
肏屄
册老
册那
册那娘比
册那娘饿比
册那娘餓比
厕奴
厕所盗摄
厕所偷拍
侧那
测绘局
测试
策划
曾道人
曾道人六合彩公司
曾道人特码
曾国庆
曾雷
曾培炎
曾庆红
曾庆红被迫写信十七大退
曾庆红步江后尘
曾庆红十七大下课
曾慶紅
曾慶紅被迫寫信十七大退
曾慶紅步江後塵
曾慶紅十七大下課
曾志朗
插b
插暴
插暴?
插逼
插比
插后庭
插姐姐嫩穴
插进
插进?
插老师穴
插那嗎B
插那嗎逼
插那嗎比
插那吗B
插那吗逼
插那吗比
插你
插你?
插你爸
插你老母
插你妈
插你媽
插你奶奶
插你娘
插你全家
插你爷爷
插你爺爺
插你祖宗
插妳
插入内射
插深些
插死你
插他
插她
插我
插我?
插穴
插穴?
插穴手淫
插穴图
插穴止痒
插阴
插阴茎
柴玲
瘥
觇
覘
孱
廛
澶
产权局
蒇
蕆
骣
冁
囅
羼
昌都
阊
嫖娼
娼妓
閶
長官沙塔特
常劲
常勁
常万全
常委
倡议书
超78
超７８
超GY
超ＧＹ
超级公子
超毛大鲍
超你
超妳
超女也
超七八
超人也
超他
超她
超英赶美
朝天穴
朝鲜
朝鮮
潮喷
车臣
车仑
车仑女干
車侖
車侖女幹
沉默术士习禁评
沉睡圖騰
陈炳基
陈伯达
陈德铭
陈独秀
陈冠希
陈军
陈腊肠
陈雷
陈良
陈良宇
陈蒙
陈慕华
陈丕显
陈破空
陈秋平
陈水扁
陈希同
陈锡联
陈小同
陈宣良
陈一谘
陈毅
陈永贵
陈云
陈至立
陈智敏
陈忠财
陈竺
陈总统
陳炳基
陳博志
陳定南
陳建銘
陳景俊
陳菊
陳軍
陳良宇
陳蒙
陳破空
陳水扁
陳水扁罗
陳唐山
陳希同
陳小同
陳宣良
陳學聖
陳一諮
陳毅
陳雲
陳總統
諶
齔
櫬
讖
成都军区
成克杰
成品交易
成人A片
成人bt
成人百强
成人导航
成人仿真抽插
成人黄站
成人激情电影
成人激情图片
成人激情网站
成人激情小说
成人聊天室
成人论坛
成人片
成人情色
成人软件
成人社区
成人书库
成人图片
成人网站
成人网站?
成人网站导航
成人文学
成人五月天
成人午夜场
成人下载
成人小说
成人自拍
成人自拍?
脀繼
程凯
程凱
程铁军
程鐵軍
程真
吃鸡巴
吃精
吃精?
吃屎
痴鳩
痴拈
痴乳
螭
鴟
迟浩田
持不同政见
持不同政見
遲鈍的圖騰
遲浩田
肔
耻辱轮奸
赤匪
赤化
赤裸
赤裸天使
赤色騎士
赤色戰士
傺
瘛
冲zhi
冲击
冲赛康
冲突
充zhi
充当涉毒场所保护伞
充值
舂
艟
抽插
抽插?
抽插仿真器具
抽水
抽头
瘳
筹码
雠
臭78
臭７８
臭b
臭GY
臭ＧＹ
臭你
臭妳
臭女也
臭七八
臭人也
臭他
臭她
出轨
出卖中国
出售54式麻狗
出售56式半刺刀
出售92式5
出售C02款式枪
出售K粉
出售铵梯炸药
出售巴雷特
出售白牙签
出售半自动猎枪
出售苯基丙酮
出售冰毒
出售冰毒qq送货
出售步qiang
出售单发麻醉枪
出售单发气枪
出售单管猎l枪
出售单管猎枪
出售單發麻醉槍
出售德国A1000
出售斗角式枪
出售二乙酰吗啡QQ
出售仿真气枪
出售风城枪
出售钢珠枪
出售港38式左轮
出售港38式左轮枪
出售高仿人民币假人民币
出售高假仿人民币
出售高压汽枪
出售工字牌汽枪
出售广州三箭
出售海豹M9
出售海洛因
出售胡椒醛
出售虎头猎枪
出售黄白牙签
出售黄牙签
出售黃麻素
出售黃體酮
出售甲基安非他明QQ
出售甲基苯胺
出售甲基苯丙
出售假币当面交易
出售假币电话
出售假币货到付款
出售假币货到付款或当面交易
出售假币联系电话
出售假币联系方式电话
出售假钞电话
出售假钞银行卡
出售假发票QQ
出售假钱电话
出售假人民币电话
出售间苯三酚
出售監聽王
出售健卫14步枪
出售健卫15步枪
出售健卫20步枪
出售健卫步枪
出售健卫小口径
出售进口气枪
出售进口枪
出售进口枪支
出售军刺
出售军刀军刺
出售军用枪
出售军用手枪
出售军用制式92式
出售军用制式92式枪
出售力思曼弓弩
出售猎l枪
出售猎qiang
出售猎枪
出售獵槍麻醉槍
出售獵槍手槍QQ
出售邻氯苯晴
出售氯胺酮
出售氯苯基
出售麻古
出售麻果配方
出售麻黄素
出售麻醉l枪
出售麻醉qiang
出售麻醉钢枪QQ
出售麥角醇
出售美国秃鹰
出售鎂粉
出售蒙汗药
出售迷幻药
出售迷幻藥
出售迷昏药假币
出售迷情藥
出售叛逆者枪
出售汽狗
出售枪
出售枪弹
出售枪支
出售羟基環戊基
出售氫化可的松
出售曲马多
出售乳化炸药
出售三箭牌汽枪
出售三箭气枪
出售三唑仑
出售三唑仑片
出售三唑侖
出售森林之豹
出售森林之虎
出售肾
出售手
出售手qiang
出售手机截听器
出售手拷
出售手铐
出售手槍
出售双管猎枪
出售双管平式枪
出售水胶炸药
出售台湾秃鹰
出售提供军用l枪
出售秃鹰汽枪
出售突击步枪
出售瓦斯手狗
出售万能开锁器
出售无线窃听器QQ
出售五连发猎l枪
出售五连发猎枪
出售锡锋枪
出售下压款式枪
出售销售气槍
出售小口径步枪
出售猩虎
出售猩狼
出售盐酸羟亚胺
出售盐酸曲马多
出售盐酸曲马多片
出售遥控解码器
出售一元硬币电话
出售乙醚
出售原装猎l枪
出售原装猎枪
出售战神弓弩
出售折叠款式枪
出售纸币货到付款
出售磚石冰毒
出售追风150
出售追月
出售自制式64式
出售自制式64式枪
出售钻石冰毒
出售左轮枪6连发
出售左旋黃麻素
出售左旋麻黄素
出租汽车罢工
处女
处女开包
处女膜
畜牲
處女膜
搋
膪
穿越浏览器
传染性病
传说的胡曾联手是一种假象
傳染性病
傳說的胡曾聯手是一種假像
床上功夫
创世之子猎艳之旅
创世之子猎艳之旅?
吹喇叭
吹牛逼
吹萧
吹箫
吹簫
锤子
春风劳动争议
春宫
春光外泻
春季守護靈
春夏自由论坛
春夏自由論壇
春药
春欲手
纯一郎
蠢猪
戳B
戳逼
戳比
戳那嗎B
戳那嗎逼
戳那嗎比
戳那吗B
戳那吗逼
戳那吗比
辏
輳
粗制吗啡
殂
汆
爨
催泪弹
催情药
榱
毳
皴
蹉
鹾
鹺
错B
错逼
错比
错那吗B
错那吗逼
错那吗比
錯B
錯逼
錯比
錯那嗎B
錯那嗎逼
錯那嗎比
达****赖
达***赖
达**赖
达*赖
达___赖
达__赖
达_赖
达杜拉
达芬奇
达赖
达赖谎言
达赖集团
达赖喇嘛
达赖喇嘛的智慧箴言
达赖喇嘛万岁
达赖势力
达賴
达癞
达兰萨拉
達夫警衛兵
達夫侍從
達赖
達賴
達賴喇嘛萬歲
達癩
答案
答复口径
答复口径|
答赖
打、烧、抢、砸
打倒
打倒GCD
打倒共产党
打倒共铲
打倒共產黨
打倒共鏟
打倒国民党
打倒毛泽东
打倒中共
打飞机
打飛機
打炮
打烧抢砸
打-烧-抢-砸
打野炮
打砸抢
大.*FA弟.*子
大.*闹.*天.*宫
大b
大FA弟子
大j8
大逼
大比
大便
大波
大波粉B
大波骚妇
大参考
大參考
大藏区
大胆出位
大胆少女
大东亚
大东亚共荣
大東亞
大東亞共榮
大法
大法弟子
大黑鹰销售
大湖帮
大花B
大花逼
大会
大会堂
大鸡巴
大鸡巴小穴
大鶏巴
大纪元
大纪元时报
大纪元网
大纪元新闻网
大纪园
大紀元
大紀元新聞網
大紀園
大家论坛
大家論壇
大力抽送
大力抽送?
大陆高干子弟名单
大乱交
大妈油
大麻
大麻树脂
大麻油
大咪咪
大明龙权
大母牛娱乐论坛
大奶妈
大奶媽
大奶美逼
大奶骚女
大奶头
大奶头?
大日本帝国
大乳
大乳?
大师
大史
大史记
大史纪
大史紀
大史記
大使官
大使馆
大事件
大威力弓弩专卖
大卫教
大衛教
大秀
大选
大血B
大血比
大烟
大一纪一元
大一紀一元
大跃进
大昭寺
大召寺
大中国论坛
大中國論壇
大中华论坛
大中華論壇
大众色情成人网
大众真人真事
大衆真人真事
大庄
呆逼
呆卵
代办各类文凭
代办驾驶证
代办全国毕业学历
代办员
代办证件
代辦各类證件
代辦全國畢業學歷
代表大会
代充
代挂
代开发票
代考
代练
带.*队
带练
带套肛交
帶.*隊
紿
戴秉国
戴维教
戴維教
戴相龙
戴相龍
亻
卩
丹增嘉措
单管猎枪30发提供
单管猎枪专卖
弹劾
彈劾
当今八大谎言
当雄
档案局
党禁
党主席
荡妇
荡女
蕩婦
蕩妹
蕩妹?
导弹
岛国
倒扁
倒台
導師
盗撮
盗窃犯
道1
道2
道3
道4
道5
道6
道7
道8
道9
道教
盜竊犯
纛
德版PPK供应
德国之声中文网
德维尔
德維爾
的聊天功能
登辉
登輝
邓发
邓力群
邓小平
邓小平访美
邓小平讲英语
邓笑贫
邓爷爷的预言
邓颖超
鄧小平
鄧笑貧
低价销售假币假钞
迪克
迪里夏提
迪裏夏提
糴
抵制北京奥运
抵制日货
抵制食堂
地藏
地富反坏右
地下的先烈们
地下教会
地下教會
地下刊物
地下天主教
地狱召唤
地震
地震局
弟大勿勃
弟大物勃
帝国TW
帝国夜色
帝国主义
帝國主義
第七区管理员
第四代
第一次操表姐
点色论坛
电话：68134451
电监会
电视流氓
電話：68134451
電視流氓
叼你妈
叼你媽
屌
屌7
屌爹娘
屌鸠
屌毛
屌你
屌妳
屌女也
屌七
屌人也
屌他
屌她
屌我
屌西
吊巴
吊子
钓鱼岛
钓鱼台
铫
釣魚島
爹
爹娘
丁关根
丁關根
丁加班
丁香社区
丁元
丁子霖
丁字裤翘臀
订购苯基丙酮
订购大冰砖
订购氯胺酮
订购水果冰
订购盐酸羟亚胺
腚
腚眼
东北xx网
东北独立
东北风情熟女之惑
东北风情熟女之惑?
东部地下水路
东方红时空
东方日报
东方闪电
东方时空
东京热
东京丸井买卖
东南西北论谈
东热空姐
东山
东社
东升
东条
东条英机
东突
东突暴动
东突独立
东突厥
东突厥斯坦
东突组织
东土耳其斯坦
东土耳其斯坦信息中心
东土耳其斯坦一贯道
东网
东西南北论坛
东亚
东亚病夫
东亚豺
东亚日报
东伊运
东院看守
东正教
東北獨立
東部地下水路
東方紅時空
東方時空
東宮
東京熱
東南西北論談
東社
東升
東條
東條英機
東突
東突暴動
東突獨立
東土耳其斯坦
東西南北論壇
東亞
東亞病夫
東洋屄
東院看守
董必武
董文华
懂文华
动乱
动漫色图
动向杂志
胴体
動亂
都市日报
斗士哈夫拉苏
斗士霍克
鬥士哈夫拉蘇
鬥士霍克
毒龙舔脚
毒品
毒品出售
独裁
独裁政治
独夫
独立台湾会
独派
獨裁
獨裁政治
獨夫
獨立臺灣會
髑屙民
堵场
堵路
赌博
赌场
赌恒指
赌马
赌球
杜冷丁
杜鲁门
杜青林
杜润生
杜潤生
杜智富
度冷丁
段宜康
对冲
对华援助协会
对越自卫
对准桃源洞口
兑奖中心
多党执政
多人轮
多人性愛
多维
多维网
多维新闻
多维新闻网
多維
堕淫
屙
屙民
俄国
俄國
俄罗斯654K出售
莪
额尔德尼
苊
恶魔岛
恶女戏夫
恩格斯
儿子
儿子干妈妈?
鲕
鮞
洱
二B
二百五
二屄
二逼
二道桥
二二八事件
二奶
二十日
二穴中出
二乙基酰胺
二中二
发$$抡
发$$仑
发$$伦
发$$沦
发$$纶
发$$轮
发$$论
发$抡
发$仑
发$伦
发$沦
发$纶
发$轮
发$论
发**抡
发**仑
发**伦
发**沦
发**纶
发**轮
发**论
发*抡
发*仑
发*伦
发*沦
发*纶
发*轮
发*论
发@@抡
发@@仑
发@@伦
发@@沦
发@@纶
发@@轮
发@@论
发@抡
发@仑
发@伦
发@沦
发@纶
发@轮
发@论
发^^抡
发^^仑
发^^伦
发^^沦
发^^纶
发^^轮
发^^论
发^抡
发^仑
发^伦
发^沦
发^纶
发^轮
发^论
发~~抡
发~~仑
发~~伦
发~~沦
发~~纶
发~~轮
发~~论
发~抡
发~仑
发~伦
发~沦
发~纶
发~轮
发~论
发改委
发浪
发浪?
发愣
发抡
发抡功
发仑
发伦
发伦功
发沦
发纶
发轮
发论
发论公
发论功
发骚
发帖人招聘
发邮件
发展研究中心
发正念
発妻
発射
發楞
發掄
發掄功
發倫
發倫功
發輪
發論
發論公
發論功
發騷
發正念
廢墟守護者
罚款黑幕
法$$抡
法$$仑
法$$伦
法$$沦
法$$纶
法$$轮
法$$论
法$抡
法$仑
法$伦
法$沦
法$纶
法$轮
法$论
法**抡
法**仑
法**伦
法**沦
法**纶
法**轮
法**轮法$轮
法**论
法*功
法*抡
法*仑
法*伦
法*沦
法*纶
法*轮
法*论
法.*轮.*功
法@@抡
法@@仑
法@@伦
法@@沦
法@@纶
法@@轮
法@@论
法@抡
法@仑
法@伦
法@沦
法@纶
法@轮
法@论
法^^抡
法^^仑
法^^伦
法^^沦
法^^纶
法^^轮
法^^论
法^抡
法^仑
法^伦
法^沦
法^纶
法^轮
法^论
法~~抡
法~~仑
法~~伦
法~~沦
法~~纶
法~~轮
法~~论
法~抡
法~仑
法~伦
法~沦
法~纶
法~轮
法~倫
法~淪
法~綸
法~輪
法~论
法~論
法lun功
法车仑工力
法车仑功
法尔卡
法爾卡
法功
法广网
法广新闻网
法广中文网
法国国际广播电台
法国总统尼古拉萨科奇
法愣
法抡
法抡功
法掄
法掄功
法仑
法仑工
法仑公
法仑功
法仑攻
法仑共
法伦
法伦功
法囵功
法沦
法沦功
法纶
法轮
法轮|法
法轮大法
法轮工
法轮公
法轮功
法-轮-功
法轮攻
法轮共
法侖
法侖功
法倫
法陯功
法菕功
法崘功
法淪
法惀功
法婨功
法棆功
法腀功
法碖功
法耣功
法蜦功
法綸
法輪
法輪|輪
法輪大法
法輪功
法－輪－功
法踚功
法磮功
法錀功
法鯩功
法稐功
法论
法论工
法论公
法论功
法论攻
法论共
法埨功
法溣功
法論
法黁功
法十轮十功
法十輪十功
法西斯
法一轮一功
法一輪一大一法
法一輪一功
法院
法杖
法谪
法谪功
法謫
法謫功
法制办
樊金源
犭
攵
反党
反黨
反动
反对
反对磁悬浮
反封锁
反封锁技术
反封鎖
反封鎖技術
反腐败论坛
反腐敗論壇
反革命
反革命暴乱
反革命暴亂
反攻
反共
反共|共
反官倒
反和谐
反华
反华|反
反華
反抗军
反抗中共暴政
反恐委员会
反人类
反人類
反日
反日活动
反日联盟
反社会
反社會
反右运动
泛红
泛蓝
泛绿
范长龙
贩毒
贩卖king粉
贩卖摇头丸
梵蒂冈广播电台
梵蒂冈亚洲新闻通讯社
梵高
方励之
方勵之
方毅
方舟子
防沉迷
防衛指揮官
房峰辉
房奴
房事
仿缅
仿真气枪qq
仿真气枪出货
仿真气枪出售
仿真气枪到货
仿真气枪电话
仿真气枪订购
仿真气枪技术转让
仿真气枪销售
仿真气枪制造图纸
仿真槍出售
仿真槍销售
仿制枪
放荡
放荡少妇
放荡少妇宾馆
放荡熟女
放蕩
放光明
放尿
放屁
飞机失事后的云雨
飞扬论坛
非常新闻通讯社
非法拆毁
非法征用
飛揚論壇
扉之阴
肥逼
肥逼?
肥西
肥西干
斐得勒
废物
费鸿泰
费良勇
費鴻泰
費良勇
分隊長施蒂文
分家在
分裂
分裂中国
焚烧
粉屄
粉红穴
粉饰太平
粉飾太平
粉穴
粉穴?
粪便
愤青
鲼
糞便
瀵
鱝
丰唇艳姬
丰乳
风尘劫
风尘劫?
风流岁月
风流逸飞
风骚
风骚侍女
风骚侍女?
风骚淫荡
风骚欲女
风山陆军军官学校
风水
风艳阁
风艳阁?
风雨神州
风雨神州论坛
风月大陆
风月大陆?
封从德
封從德
封魔圖騰
封杀
封殺
封锁
封印的靈魂騎士
風雨神州
風雨神州論壇
疯狗
疯狂抽送
豐饒的果實
酆
冯东海
冯锦华
冯素英
馮東海
馮素英
佛教
佛教徒
佛展千手法
佛祖
夫妇乐园
夫妇乐园?
夫妻3p
夫妻多p
夫妻俱乐部
夫妻乱交
夫妻秀
夫妻自拍
夫妻自拍?
弗雷迪
服务管理
服务器
服务人员
服务天使
服务网
服务专员
绂
罘
祓
浮夸风
紱
福莱斯特
福娃
幞
黻
襆
辅助程序
腐败
黼
父女乱伦?
付申奇
负面撤稿
负面新闻删除
负面新闻删除清理
负面新闻信息删除
负面信息删除
负面信息删除QQ
负面信息删帖QQ
复辟
复兴党
复兴党|党
复员
复员军官
复员军人
傅杰
傅全有
傅申奇
傅志寰
傅作义
傅作義
富兰克林
腹黑
尜
尕
改革开放
改制
戤
甘丹寺
甘孜
矸
赶你娘
趕你娘
干78
干７８
干bi
干GY
干ＧＹ
干x娘
干逼
干比
干的你
干的爽
干的爽?
干干干
干机掰
干拎娘
干你
干你老比
干你老母
干你良
干你妈
干你妈b
干你妈逼
干你娘
干妳
干妳老母
干妳妈
干妳马
干妳娘
干娘
干您娘
干女也
干七八
干全家
干人也
干死
干死CS
干死GM
干死客服
干死你
干他
干她
干穴
干穴?
干一家
幹bi
幹逼
幹比
幹的你
幹幹幹
幹赣您娘
幹你
幹你老比
幹你老母
幹你娘
幹炮
幹炮?
幹砲
幹全家
幹死
幹死你
幹他
幹她
幹一家
赣您娘
灨你娘
冈村宁次
冈村秀树
冈峦
冈山空军官学校
刚比
刚比样子
肛
肛jiao
肛屄
肛交
肛交?
肛门
肛门喷水
肛门拳交
肛門
肛栓母狗
岡巒
钢珠枪
钢珠枪销售
钢珠槍出售
剛比
剛比樣子
崗哨士兵
鋼珠槍出售
鋼珠槍销售
岗哨士兵
港38式左轮提供
港澳办
高潮
高潮白浆
高潮集锦
高岗
高官
高级逼
高价肾源
高丽棒子
高丽朴
高麗棒子
高清性愛
高文谦
高文謙
高效三唑仑
高薪养廉
高薪養廉
高压气枪qq
高压气枪出货
高压气枪到货
高压气枪电话
高压气枪订购
高压气枪技术转让
高压气枪制造图
高压英国PCP骚本出售
高瞻
高治联
高智晟
高自联
高自聯
槔
睾
睾丸
膏药旗
膏藥旗
杲
搞你
搞你娘
搞死
告全国网民书
告全国网友书
戈瑞尔德
戈瑞爾德
戈扬
戈揚
圪
哥白尼
哥伦布
鸽派
歌功颂德
歌功頌德
鴿派
革命
革命赌博
格雷(關卡排名管理者)
格雷關卡排名管理者
格鲁(城镇移动)
格魯
隔离审查
个人崇拜
各种枪支出售
虼
给胡温的一封信
给你爽
给你爽?
给食堂提意见
根正苗红
耿飚
耿惠昌
更生日报
工程兵
工程院
工蜂六型多管火箭系统
工力
工商局
工商时报
工业和信息化部
工资好比眉毛短
工自联
工自聯
工字牌气枪出售
工字牌气枪销售
工字牌汽枪qq
工字牌汽枪出货
工字牌汽枪到货
工字牌汽枪电话
工字牌汽枪订购
工字牌汽枪图纸
工字牌汽枪制造
工字牌汽枪转让
工字牌氣槍qq
工字牌氣槍出售
工字牌氣槍销售
工字气枪网
工作人员
工作室
弓弩出售
弓弩专卖
弓虽
弓雖
公安
公安部
公安局
公测-送大礼
公测送礼
公告
公告管理员
公关负面信息处理
公关删除百度信息
公教报
公开信
公审江泽民
公审李鹏
公投
公务员代考
公媳乱
功法
功轮法
廾
共*党
共残挡
共残党
共殘擋
共惨档
共惨党
共慘檔
共产
共产党
共产邪党
共产邪灵
共产主义
共铲党
共產黨
共產邪靈
共産
共産黨
共産主義
共党
共黨
共匪
共匪16大十六大
共狗
共和
共和国卫士
共军
共軍
共荣
共荣圈
共榮圈
贡嘎
供应54式
供应64式
供应K粉
供应白冰
供应冰毒
供应冰糖
供应仿真气枪
供应高压气枪
供应工字牌汽枪
供应广州三箭
供应胡椒基甲基
供应虎头猎枪
供应虎头双管
供应化学冰
供应黄冰
供应黄体酮
供应甲基苯丙胺
供应甲基可可碱
供应健卫步枪
供应金钟气枪
供应进口气枪
供应咖啡硷
供应咖啡碱
供应可可精
供应猎枪
供应氯胺酮
供应麻谷
供应麻果丸子
供应麻黄素
供应麦角醇
供应美国秃鹰
供应奶油冰
供应汽狗
供应青蒿素
供应氢化可的松
供应三箭牌汽枪
供应三箭气枪
供应删除贴吧帖子
供应四氢吡喃酮
供应台湾秃鹰
供应天然咖啡因
供应秃鹰
供应秃鹰汽枪
供应瓦斯手狗
供应无水咖啡因
供应五连猎枪
供应小口径步枪
供应盐羟亚胺
供应盐酸氯
供应盐酸羟亚胺
供应罂粟壳
供应植物冰
勾魂少妇
勾结奸商
勾引
缑
緱
鞲
韝
岣
狗b
狗比
狗操
狗成
狗诚
狗城
狗乘
狗誠
狗狼养的
狗狼養的
狗卵
狗卵子
狗娘
狗娘养的
狗娘養的
狗屁
狗日
狗日的
狗日狗日的
狗剩
狗屎
狗养
狗養
狗杂种
狗雜種
狗爪子
购买枪支
购蒙汗药
彀
觏
覯
毂
轂
古柯碱
古龍祭壇
谷牧
骨獅
嘏
顾顺章
顾问
鲴
鯝
鸹
鴰
诖
挂机
詿
拐卖
关闭了的聊天功能
关卓中
观察者网
观世音
官/
官方
官方工作员
官方管理者
官方活动专员
官方通知
官方信息提示
官方专员
關卓中
管.理.员
管_理_员
管碧玲
管里
管理
管理人员
管理员
管'理'员
管理员千里传音
管理员说道：
管理員
贯通两极法
冠西
冠希
貫通兩極法
灌肠自慰器
灌满精液
光锭
光明日报
广播系统在线
广播消息
广播信息系统
广场
广电局
广东工人联合会
广闻
广州三箭qq
广州三箭出货
广州三箭到货
广州三箭电话
广州三箭订购
广州三箭技术转让
广州三箭制造图
廣聞
龟儿子
龟公
龟孙子
龟头
龟头?
龟头对准阴道
龟投
妫
嬀
龜兒子
龜公
龜孫子
龜投
龜頭
宄
庋
鬼畜轮奸
鬼公
鬼輪姦
刿
桂晓风
劌
绲
辊繻
滚
滚那吗
滚那吗B
滚那吗错比
滚那吗老比
滚那吗瘟比
滾那嗎
滾那嗎B
滾那嗎錯比
滾那嗎老比
滾那嗎瘟比
緄
輥繻
鲧
鯀
呙
郭伯雄
郭金龙
郭俊铭
郭俊銘
郭罗基
郭羅基
郭平
郭岩华
郭岩華
郭振家
郭正亮
国64式762mm枪提供
国77式762mm枪出售
国安局
国产AV
国产嫖娼
国产骚货
国产偷拍
国产无码
国耻
国防部
国防科工委
国共合作
国管局
国际法院
国际公法
国际广播的电视节目
国家安全
国家安全部
国家安全局
国家发展和改革委员会主任
国家机密
国家领导人
国家领导人最强组合
国家民委
国家民族事务委员会主任
国家人口和计划生育委员会主任
国家主席
国家主席总理
国家主要部委
国军
国民大会
国民党
国民政府
国内动态清样
国内动态详情
国内天使做爱记
国企改革
国权
国统会
国土资源部
国务院
国研室
国语日报
国语运动
国贼
国资委
國際公法
國家安全
國家機密
國家領導人
國家主席
國軍
國民黨
國權
國務院
國賊
虢
馘
裹本
裹本?
过滤
腂
哈尔罗尼
哈爾羅尼
哈批
哈特曼
蛤蟆
骸卒
海豹M9销售
海盗的悠闲生活
海盗的悠闲生活?
海关总署
海洛因
海明威
海特
海豚沫沫
海洋局
醢
含屌
含屌?
含捻
韩东方
韩光
韩联潮
韩天石
韩正
韩质洁
韩杼滨
寒潭鹤影
韓東方
韓聯潮
韓正
汉奸
汉人血迹冲洗净
漢奸
夯
行房
行销
行政院
航空母舰
薅
豪乳
豪乳?
好嫩
好嫩?
好色cc
好死不如赖活着
郝伯村
郝建秀
颢
顥
灏
灝
喝奶
合成K粉
合成冰毒
合成氯胺酮
合成氯胺酮qq
合成盐酸羟亚胺
合法财产
何德普
何加栋
何勇
和锅枪
和平演变
和平演变道路已被中共堵死
和平演變道路已被中共堵死
和尚
和谐
河殇
河殤
荷兰国际广播电台中文网
核弹原子弹
核弹原子弹导弹
核工业基地
核潜艇
核武器
核武器制作方法
贺国强
贺过墙
贺龙
賀國强
賀龍
赫鲁晓夫
黑白无常
黑屄
黑逼
黑恶势力保护伞
黑火药的制作方法
黑教
黑毛屄
黑社会
黑社會
黑手党
黑手黨
黑天使
黑天使?
黑五类
黑星女侠
黑星女侠?
很黄
横幅
红朝谎言录
红灯区
红海湾
红色贵族
红色恐怖
红色清真寺
红太阳的陨落
红卫兵
红炎猛兽
红蜘蛛迷奸药
宏法
洪传
洪傳
洪兴
洪興
洪秀柱
洪吟
洪哲胜
洪哲勝
洪志
紅朝謊言錄
紅燈區
紅色恐怖
紅炎猛獸
鸿图记
黉
黌
糇
后备专员
后台颁奖员
后庭
后庭?
后庭专区
鲎
鱟
呼喊派
忽然1周
胡曾内斗公开
胡春华
胡哥对刘德华
胡哥与华仔对话
胡公子
胡海峰
胡江曾内斗
胡江大斗法
胡紧涛
胡紧掏
胡紧套
胡锦涛
胡锦涛陈水扁对对联
胡锦涛嫡系大调动
胡锦涛和刘德华
胡锦涛调虎离山
胡锦滔
胡锦淘
胡緊掏
胡緊套
胡錦滔
胡錦濤
胡錦濤嫡系大調動
胡錦濤屠殺西藏人
胡錦淘
胡景涛
胡景濤
胡平
胡启立
胡乔木
胡喬木
胡温
胡温暴政
胡温借国际舆论造势
胡溫暴政
胡溫借國際輿論造勢
胡瘟
胡系
胡耀邦
胡耀帮
胡志明
胡主席
胡总书记
胡總書記
湖岸護衛兵
湖岸警衛兵
湖岸哨兵隊長
湖南湘阴
蝴蝶逼
觳
虍
虎骑
虎头猎枪qq
虎头猎枪出货
虎头猎枪出售
虎头猎枪到货
虎头猎枪电话
虎头猎枪订购
虎头猎枪技术转让
虎头猎枪图纸
虎头猎枪销售
虎头猎枪制造
虎头牌猎枪出售
虎头牌猎枪专卖
虎头双管qq
虎头双管出货
虎头双管到货
虎头双管电话
虎头双管订购
虎头双管技术转让
虎头双管图纸
虎头双管制造
虎头五连发猎槍出售
虎頭獵槍出售
虎頭獵槍销售
許財利
許家屯
許信良
互联经纬
互舔淫穴
互淫
冱
护法
护士诱惑
怙
戽
祜
瓠
鹱
護法
鸌
花都逍遥乡村春光
花和尚导航
花和尚社区成人性用品
花花公子
花花公子?
花柳
花蕊
花样性交
华尔街日报
华富财经
华国锋
华建敏
华人今日网
华盛顿
华通时事论坛
华西列夫斯基
华夏
华夏文摘
华语世界论坛
华岳时事论坛
華建敏
華通時事論壇
華夏文摘
華語世界論壇
華岳時事論壇
怀念十五年前的大学生
怀特
懷特
欢欢娱乐时空
欢乐君主
欢乐时空
欢乐性今宵
欢乐性今宵?
环保总局
环境保护部
萑
锾
鍰
换皮
换妻
换妻大会
换妻杂交
皇军
皇軍
皇室警卫队长
皇室警衛隊長
皇室首席法师
皇室首席法師
黄??菊
黄伯源
黄慈萍
黄大仙
黄海暗杀
黄海刺胡
黄花岗
黄祸
黄剑辉
黄教
黄金圣水
黄金幼龙
黄菊
黄克诚
黄片
黄色成人网站
黄色电影
黄色电影?
黄色妹妹a级大片
黄翔
黄牙签出售
黄义交
黄永胜
黄仲生
黄钻
黃伯源
黃慈萍
黃禍
黃劍輝
黃金幼龍
黃菊
黃木護衛兵
黃木警衛兵
黃木哨兵
黃木哨兵隊長
黃片
黃色妹妹a級大片
黃翔
黃義交
黃仲生
虺
隳
回回
回教
回良玉
回民
回民暴
回民暴动
回民暴動
回民吃猪肉
回民是猪
回族
回族人吃猪肉
悔过书
毀滅步兵
毀滅騎士
毀滅射手
会头
哕
恚
贿赂
惠澤社群?
缋
噦
繢
昏迷圖騰
混蛋
混蛋神风流史
混蛋神风流史?
混乱的
混亂的圖騰
溷
耠
锪
劐
鍃
活动
活动公告I20
活动管理员
活动人员
活动提示
活动通知165
活动通知39
活动信息中心
活动专员
活動
活佛
活体解剖
活体器官
活体移植
活摘
火棒
火炬
火辣图片
火辣写真
火星文：
火药
货到付款
获奖
霍金
蠖
丌
机8
机Y
机Ｙ
机八
机巴
机叭
机芭
机掰
机机
机机歪歪
机要费
乩
鸡8
鸡Y
鸡Ｙ
鸡八
鸡巴
鸡巴暴胀
鸡叭
鸡芭
鸡吧
鸡吧?
鸡掰
鸡鸡
鸡奸
鸡毛信文汇
鸡女
鸡院
剞
积克馆
姬胜德
姬勝德
基地
基地组织
基地組織
基督
基督基督教
基督教
基恩科
基国
赍
賫
積克館
激.*情
激插
激流中国?
激情潮喷
激情打炮
激情电影
激情电影?
激情交友
激情聊天
激情聊天室
激情裸体
激情片下载
激情贴图
激情图片
激情小说
激情小说?
激凸走光
擊倒圖騰
擊傷的圖騰
雞巴
鶏8
鶏八
鶏巴
鶏吧
鶏鶏
鶏奸
鶏毛信文匯
鶏女
鶏院
鷄
鷄巴
鷄巴?
极品白虎
极品波霸
极品波霸?
极品波神
极品黑丝
极品金发美女美穴图
极品奶妹
殛
集会
集体性爱
集体淫
蕺
覿
几八
几巴
几叭
几芭
彐
计牌软件
计生委
记念64
记念六四
记者
纪登奎
技术
妓
妓女
妓女十八摸
妓神通加持法
妓院
紀元
記念64
記念六四
寂寞自摸
跽
鲚
鱭
加.*QQ
加.*QQ群
加拿大国际广播电台
加入网络水军
甲基安菲他明
甲基苯丙胺合成
甲基苯丙胺化学
甲基苯丙胺结构
甲基苯丙胺制作
甲基苯丙胺制作技术
甲庆林
贾庆林
贾廷安
贾育台
假币
假币18289325866
假币出售电话
假币货到付款联系电话
假币买卖
假护照办理
假驾驶证办理
假钱出售
假青林
假庆林
假阳具插穴
假硬币批发QQ
賈慶林
賈廷安
賈育台
驾照代办
戋
尖阁
尖阁列
奸
奸你
奸情
奸杀
奸室主千里传音
奸污
奸淫
奸淫电车
奸淫江戏子
奸幼
奸幼?
戔
姦
姦贱
姦染
姦淫
姦淫?
监察部
监察院
监督
监管
监管局
监禁陵辱
监狱
兼职女上门qq
菅野亚梨沙迅雷下载
湔
搛
監視塔
監視塔哨兵
監視塔哨兵隊長
鲣
鞯
鰹
韉
囝
检查院
检察院
简肇栋
謇
簡易炸蛋製作方法
簡肇棟
建国
建国60周年
建国党
建國黨
建设部
贱
贱b
贱bi
贱逼
贱比
贱货
贱人
贱人saib8.nease
贱种
牮
剑与魔法
健卫步枪qq
健卫步枪出货
健卫步枪到货
健卫步枪电话
健卫步枪订购
健卫步枪技术转让
健卫步枪制造图
健卫小口径出售
健卫小口径销售
賤
賤B
賤bi
賤逼
賤比
賤貨
賤交
賤人
賤種
江core
江River
江ze民
江八
江八点
江八點
江独裁
江核心
江胡
江胡之争
江湖淫娘
江湖淫娘?
江家帮
江绝民
江絕民
江流氓
江楼绮梦
江楼绮梦?
江罗
江羅
江绵恒
江綿恒
江派
江青
江山如此多娇txt下载
江十泽十民
江戏子
江系
江戲子
江则民
江泽慧
江泽民
江則民
江澤慧
江澤民
江贼
江贼民
江賊
江賊民
江折民
江猪
江猪ourgame.7u7.cn
江猪媳
江猪媳ourgame.shj.cn
江主席
将则民
姜春云
姜伟新
將則民
僵贼
僵贼民
僵贼民ourgame.w58.4everdns.com
僵賊
僵賊民
薑春雲
疆独
疆独（新疆独立）
疆独saib8.diy
疆獨
讲法
讲真相
奖励公告
蒋达德
蒋介石
蒋经国
蒋彦士
蒋彦永
蒋彦永上书
蒋彦勇
蒋彦勇上书
蒋中国
蒋中正
蔣介石
蔣經國
蔣中正
講法
降低命中的圖騰
酱猪媳
醬猪媳
交班
交媾
交换夫妻
交配
交清电子报
交通部
交通运输部
娇宠水芙蓉
娇艳江湖
娇艳人生
姣西
纟
挢
狡猾的達夫
狡猾的风水相师
狡猾的风水相师?
脚交
敫
撟
矯健的馬努爾
叫床
叫春
叫鸡
教官
教养院
教養院
教育部
疖
接班
揭露中共
揭批书
揭批書
街垒
街头扒衣
结扎
捷克CZ100枪出售
解体中共
解體中共
戒急用忍
届中央政治局委员
届中央政治局委員
骱
今日悉尼
钅
金顶
金戈铁马
金鳞岂是池中物
金鳞岂是池中物?
金鳞岂是池中物全本
金毛穴
金瓶梅在线观看
金枪不倒
金槍不倒
金日成
金融时报
金融邮报(台湾股网)
金三角
金山桥
金廷勋
金穴監視者
金穴魔法師
金尧如
金堯如
金泽辰
金澤辰
金正恩
金正日
金钟气枪qq
金钟气枪出货
金钟气枪到货
金钟气枪电话
金钟气枪订购
金钟气枪技术
金钟气枪图纸
金钟气枪制造
卺
巹
紧缚凌辱
紧穴
锦涛
锦涛屠杀西藏人
錦濤
进京
进口气枪qq
进口气枪出货
进口气枪到货
进口气枪电话
进口气枪订购
进口气枪技术转让
进口气枪制造图
近亲相奸
近親相姦
近親相姦?
進口氣狗出售
進口氣狗销售
禁忌
禁看
茎候佳阴
经典炮图
经济日报
经济社会理事会
经社理事会
经塔
经文
经血
荊棘護衛兵
莖候佳陰
粳
經文
經血
精童
精童欲女
精液
精液?
精液客服
精液浴
精液榨取
精鹰汽狗专卖网
精子
精子?
精子汤
警察
警民冲突
警民工作室
警奴
警务室
靖国神社
靖國神社
静坐
扃
鸠屎
鬏
九城情色
九九情色帝国
九霾
九评
九评共产党
九評
九维
九一八
九一评
九一評
九阴争茎
九月十八日
酒店援交
就去日
就去色色
就去诱惑
就业歧视
舊斗篷哨兵
鞫
菊花洞
菊花洞?
菊花蕾
菊花蕾?
龃
榘
踽
齟
巨槌騎兵
巨屌
巨奶
巨炮兵团
巨乳
巨乳?
巨乳俏女医
巨乳素人
巨骚
巨斯
巨鐵角哈克
拒绝食堂
耟繴纍
聚会
聚集
屦
鋸齒通道被遺弃的骷髏
鋸齒通道骷髏
屨
醵
蠲
桊
鄄
羂
撅起大白腚
绝色淫妃
绝望之地
絕望之地
谲
譎
爝
军车进京
军队
军妓
军事委员会
军委
军用步枪出售
军用步枪销售
军用狙击弩专卖
军用录音监听器
军用弩专卖
军用手枪qq
军用手枪出货
军用手枪出售qq
军用手枪到货
军用手枪电话
军用手枪订购
军用手枪销售
军用手枪制造图
军转
军转干
君主
軍妓
軍用步槍出售
軍用步槍销售
軍用手槍出售
軍用手槍销售
咖啡因
卡尔
卡尔伯斯
卡尔坎的侍从
卡好你娘
卡莲
卡罗迪
卡洛齐
卡斯特罗
胩水
开苞
开苞?
开波
开餐
开发票公司
开房
开放网
开放杂志
开建筑发票QQ
开奖
開苞
開放雜志
凯奥勒尼什
凯尔本
凯尔雷斯
凯丰
凯特切尔
蒈
凱奧勒尼什
凱爾本
凱爾雷斯
凱特切爾
砍翻一条街
砍翻一條街
砍死你
看牌器
看牌软件
看棋器
看棋软件
看什么都可以
看守塔卡蘇
看中国
看中国专栏
看中國
阚
康生
抗日
抗日老兵
抗日联盟
抗议
抗议传播
抗议示威
抗曰
抗战纪念
尻
尻庇
考试院
靠爸
靠北
靠背
靠母
靠你妈
靠你妈妈
靠你媽
靠腰
靠腰口肯
柯赐海
柯賜海
柯建铭
柯建銘
柯俊雄
柯庆施
科技部
科莱尔
科萊爾
科学技术部
嗑药
髁
咳药水
可待因
可卡
可卡叶
可卡因
克安德
克莱恩
克莱特
克萊恩
克萊特
克劳森
克勞森
克林顿
客报
客服
客服公告
客服管理员
客服人员
客戶服務
客户服务
客户服务人人员
客户服务人员
客家电视台
缂
緙
空姐性交
空难黑匣子
空难黑匣子?
空氣精靈
空虛的伊坤
空虛之地
孔雀石
恐怖分子
恐怖活动
恐怖主义
恐怖主義
抠穴
抠穴?
芤
眍
瞘
口爆
口爆吞精
口含鸡巴
口活
口活?
口交
口交放尿
口交器具
口肯
口内爆射
口射
口淫
口淫?
扣.*币
扣.*扣
扣.*扣.*扣.*群
扣.*扣.*群
扣.*群
扣扣群
扣群
哭爸
哭母
堀
骷髅
苦劳网
喾
裤袜
裤袜?
嚳
垮台
垮台倒台
胯下呻吟
跨下呻吟
快感
快克
快乐AV
快速删帖
快速删贴
狂操
狂操你全家
狂插
狂插男根胶囊
狂插性器具
狂风暴雨?
狂乳激揺
夼
邝锦文
贶
貺
鄺錦文
纊繴
悝
葵花子政变
喟
昆图
昆圖
髡
醌
垃圾
拉案
拉案);
拉卜楞寺
拉登
拉法叶舰
拉克
拉姆斯菲尔德
拉姆斯菲爾德
拉皮条
拉皮條
拉萨暴乱
拉萨北京路
拉萨江苏路
拉萨烟火缭绕
喇嘛
喇嘛达赖
腊肠希
莱特
萊特
赖昌星
赖士葆
賴士葆
兰迪
蓝营
蘭迪
繿纁繼
懒8
懒八
懒叫
懒教
烂b
烂屄
烂逼
烂比
烂袋
烂屌
烂货
滥B
滥逼
滥比
滥货
滥交
滥情
濫B
濫逼
濫比
濫貨
濫交
爛
爛B
爛逼
爛比
爛袋
爛貨
狼友
狼友?
浪妇
浪叫
浪叫?
浪女
浪臀
浪穴
劳动保障部
劳动保障局
劳动教养所
劳改
劳教
劳拉
勞動教養所
勞改
勞教
醪
老B
老GY
老ＧＹ
老逼
老比
老兵
老二
老虎机
老江
老卵
老毛
老毛子
老母
老人政治
老少乱伦
老师的小穴
老史
老味
老味臭化西
乐土
乐土365
乐土GM
乐土SB
乐土公告
乐土管理员
乐土客服
乐土游客
乐土游戏管理员
泐
鳓
鰳
雷菲娜
雷汞
雷管
雷管制造技术QQ
雷管製造技術qq
雷洁琼
雷潔瓊
雷明顿出售
雷明顿销售
雷明頓出售
雷明頓銷售
雷鸣登猎枪出售
雷尼亚
雷尼亞
雷倩
酹
离长春
嫠
黎安友
黧
蠡
李敖
李斌
李昌
李長春
李常受
李大师
李大師
李大钊
李德生
李登辉
李登輝
李登柱
李光耀
李贵鲜
李弘旨
李红痔
李宏旨
李宏志
李洪
李洪宽
李洪寬
李洪志
李洪治
李紅痔
李继耐
李繼耐
李建国
李俊毅
李磕墙
李克强
李兰菊
李岚清
李嵐清
李蘭菊
李老师
李老師
李立三
李录
李禄
李祿
李錄
李闽榕
李鹏
李鹏.*
李鵬
李庆安
李庆华
李慶安
李慶華
李瑞环
李瑞環
李少民
李盛霖
李淑娴
李淑嫻
李铁映
李鐵映
李旺阳
李旺陽
李维汉
李文斌
李文忠
李先念
李小朋
李小鹏
李小鵬
李兴平
李学举
李雪峰
李义强
李毅中
李永萍
李源潮
李月月鸟
李月月鳥
李长春
李至伦
李志绥
李志綏
李总理
李总统
李總理
李總統
李作鹏
里番
里菲斯
里根
裏菲斯
醴
鳢
鱧
力斯曼弓弩供应
立法委员
立法院
立式双管猎出售
立式双管枪销售
立委
丽春苑
轹
俪影蝎心
俪影蝎心?
栗战书
跞
詈
轢
奁
连方瑀
连惠心
连胜德
连胜文
连続失禁
连战
莲花逼
連方瑀
連惠心
連勝德
連勝文
連戰
联大
联国
联合报
联合国
联合国大会
联合后
联合新闻
联合新闻网
联合早报
联通
联众
联总
廉政大论坛
廉政大論壇
奩
聯總
臁
炼功
恋孕
楝
煉功
梁光烈
梁擎墩
粮食局
两****会
两***会
两**会
两*会
两___会
两__会
两_会
两岸边才子对话
两岸关系
两岸三地论坛
两个待遇
两个中国
两国论
两会
两会报道
两会代表
两会势力
两会新闻
两腿之间
两性淫乱地址
兩岸關係
兩岸三地論壇
兩個中國
兩會
兩會報道
兩會新聞
俩会
亮屄
亮穴
尥
料事如神的邓小平
廖承志
廖福本
廖锡龙
廖錫龍
咧你全家
列宁
列宁赵紫阳
埒
烈焰猛獸
猎qiang出售
猎qiang货到付款
猎qiang销售
猎豹弓弩出售
猎枪qq
猎枪出货
猎枪到货
猎枪电话
猎枪订购
猎枪技术转让
猎枪制造图纸
獵qiang貨到付款
獵qiang銷售
獵槍銷售
獵頭者出售
躐
鬣
林保华
林保華
林彪
林伯渠
林長盛
林高乐(收费物品)
林佳龙
林佳龍
林肯
林樵清
林慎立
林信义
林信義
林业局
林益世
林郁方
林长盛
林正胜
林正勝
林芝野战军
林重谟
林重謨
林祖涵
淋病
躏
躪
凌锋
凌辱
淩鋒
零八宪章
零八憲章
酃
领导
刘宾深
刘宾雁
刘伯承
刘德
刘德华和胡主席
刘刚
刘国凯
刘华清
刘家义
刘金国
刘俊国
刘凯中
刘澜涛
刘丽英
刘奇褒
刘淇
刘千石
刘青
刘山青
刘少奇
刘士贤
刘文胜
刘文雄
刘晓波
刘晓竹
刘延东
刘永川
刘云山
刘正荣
刘志军
留园网
流泪的沈阳
流氓燕的日记
流蜜汁
流亡
流淫
流淫?
旒
劉賓深
劉賓雁
劉剛
劉國凱
劉華清
劉俊國
劉凱中
劉淇
劉千石
劉青
劉山青
劉少奇
劉士賢
劉文勝
劉文雄
劉曉波
劉曉竹
劉永川
劉雲山
六．四
六.四
六．四运动
六?四
六_四
六·四
六合采
六合采?
六合采白小姐曾道人特码
六合採
六合彩
六合彩白小姐曾道人特码
六合彩白小组特码
六合彩曾道人白小姐
六合彩美女图库?
六合彩特码开奖
六合彩特码论坛
六合彩资料图库
六合菜
六合菜?
六和采
六和采?
六四
六-四
六四参加者
六四参加者回忆录
六四回忆录
六四民运
六四民運
六四平暴
六四平反
六四事件
六四死难者
六四屠城
六四学潮
六四學潮
六四學生愛國運動
六四以后
六四以前
六四运动
六四真相
六四正名
六四之后
六四之前
六四周年祭
六星合彩
六星合彩?
六星合彩公司
六月four日
六月联盟
六月四日
鹨
鷚
龙虎豹
龙战将
龍虎豹
龍火之心
娄义
漏逼
卢福坦
卢沟桥
卢卡
卢西德
盧卡
盧西德
鲁迅
陆定一
陆肆
陆肆事件
陆委会
陆雪琴
辂
陸委會
鹿城娱乐
輅
路透社
路线
路易
露B
露屄
露逼
露逼?
露点
露股
露毛
露穴
露阴照
卵子
卵子?
乱交
乱伦
乱伦?
乱伦熟女网
乱轮
亂交
亂倫
亂倫?
亂輪
抡功
掄功
伦功
轮暴
轮暴?
轮操
轮大
轮公
轮功
轮功輪功
轮攻
轮奸
轮奸?
轮奸内射
轮盘赌
倫功
輪大
輪公
輪功
輪攻
輪奸
论坛管理员
論壇管理員
罗??干
罗福助
罗干
罗干温家宝
罗礼诗
罗荣桓
罗文嘉
罗志明
脶
腡
骡子
羅福助
羅幹
羅禮詩
羅文嘉
羅志明
倮
裸聊
裸聊激情
裸聊网站
裸露自拍
裸陪
裸体
裸体少妇
裸欲
裸照图片
泺
洛克菲尔特
洛克菲爾特
骆冰淫传
骆冰淫传?
骆海坚
雒
濼
吕京花
吕秀莲
呂京花
呂秀蓮
旅馆自拍
旅游局
绿色环保手机
绿营
氯胺酮
氯胺酮?
氯胺酮QQ
氯胺酮出货
氯胺酮到货
氯胺酮电话
氯胺酮订购
氯胺酮付款QQ
氯胺酮技术转让
锊
鋝
妈B
妈白勺
妈逼
妈比
妈的
妈的B
妈个B
妈妈的
妈妈色
妈卖妈屁
妈批
妈祖
媽
媽B
媽比
媽的
媽批
麻咕
麻古
麻古制作方法QQ
麻古製作工藝
麻黄素
麻生太郎
麻醉qiang出售
麻醉qiang销售
麻醉qiang銷售
麻醉枪出售
麻醉槍出售
麻醉槍销售
麻醉药
嗎的
嗎啡
马白勺
马报
马大维
马的
马国瑞
马化腾
马化騰
马加爵
马凯
马克思
马良骏
马伦(关卡排名管理者)
马卖马屁
马三家
马时敏
马特斯
马馼
马晓天
马英九
马营
马永成
马祖日报
玛丽恩(圣诞节用品商人)
玛丽亚
玛琳(城镇移动)
玛雅网
码报
码中特?
蚂蚁的思考
蚂蚁事件
蚂蚁养殖户
馬大維
馬化腾
馬化騰
馬克思
馬良駿
馬三家
馬時敏
馬特斯
馬英九
馬永成
瑪麗亞
瑪雅
吗的
吗啡
吗啡碱
吗啡片
买财富
买春
买春军团
买春堂
买断工龄
买断职工
买卖黄麻素
买卖猎枪子弹
买卖氯胺酮
买卖汽车拦截器
买卖小冰砖
买卖盐酸羟亚胺
买卖眼镜蛇弩
買胡椒基甲基酮
買賣老虎頭獵槍
買賣汽車攔截器
買賣四氢吡喃酮
買賣鷹牌獵槍
劢
麦角酸
麦角酸二乙基酰胺
麦叫酸
麦克阿瑟
麦克斯
麦司卡林
卖45MM狗粮
卖54式64式
卖B
卖CFX气枪
卖ID
卖QQ
卖逼
卖比
卖财富
卖仿真枪模
卖高压气枪
卖工字牌汽枪
卖广州三箭气
卖国
卖海洛因
卖号
卖虎头双管
卖健卫小口径
卖金钟气枪
卖进口汽狗
卖卡
卖猎枪
卖迷魂药三唑仑
卖铅弹气枪
卖枪支弹药
卖热武器
卖软件
卖三箭牌气槍
卖骚
卖身
卖手铐
卖手枪
卖秃鹰汽枪
卖淫
卖左轮手枪
麥克斯
勱
賣逼
賣比
賣國
賣騷
賣淫
馒头屄
瞒报
鞔
瞞報
曼德拉
曼施坦因
蔓ぺ
邙
毛鲍
毛厕洞
毛厠洞
毛法轮功
毛李鹏.*
毛片
毛泽东
毛泽东复活
毛泽东荒淫糜烂
毛泽东语录
毛澤東
毛澤東荒淫糜爛
毛贼
毛贼东
毛賊
毛賊東
毛主席
毛主席复活
毛主席临终前把小平
沒有共鏟黨才有新中國
没有共铲党才有新中国
没有人权
梅德韦杰夫
梅毒
梅花屄
梅花革命
梅花网
媒体公民行动网
美.*女.*带.*队
美.*女.*帶.*隊
美国
美国参考
美国佬
美国三箭气枪出货
美国秃鹰qq
美国秃鹰到货
美国秃鹰电话
美国秃鹰订购
美国秃鹰技术转让
美国秃鹰制造图
美国有线电视频道
美国之音
美國
美國參考
美國佬
美國之音
美利坚
美女b毛图
美女QQ裸舞
美女成人
美女高潮
美女高潮?
美女祼聊
美女激情视频网
美女聊天室
美女面对面激情裸聊
美女视频聊天室
美女吞精
美女性交真图
美女淫穴
美女走光
美乳
美乳斗艳
美乳美穴
美骚妇
美沙酮
美少妇
美少妇的哀羞
美少妇的哀羞?
美体艳姿
美腿
美腿丝足
美臀夹阴
美臀嫰穴
美穴
美幼
美洲台湾日报
浼
媄.*钕.*带.*队
镁.*铝.*带.*队
妹.*陪
妹.*纸.*带.*队
妹.*子.*带.*队
妹妹骚图
妹妹阴毛
妹妹阴毛?
媚药少年
魅惑巨乳
魅夜帝国
闷骚
蒙巴顿
蒙独
蒙獨
蒙哥马利
蒙古达子
蒙古達子
蒙古鞑子
蒙古独
蒙古独立
蒙古獨
蒙古獨立
蒙汗药出售
猛操狂射
猛插
孟宏伟
孟建柱
梦幻逆玉王
梦遗
梦中的女孩
梦中的女孩?
咪咪
咪咪图片
迷幻药
迷魂药出售
迷魂药配方
迷奸
迷奸&&&&&&乳房
迷奸?
迷奸系列
迷奸香水出售
迷奸药出售
迷情水出售
迷情藥制作方法
迷失御花園
迷药
迷药迷情药
祢
縻
禰
米开朗基罗
芈
羋
糸
秘唇
秘唇?
秘裂
秘裂?
秘书长
密洞
密室淫行
密穴
密穴贴图
密宗
蜜洞
蜜桃成熟时
蜜穴
蜜穴?
绵恒
綿恒
臱繳纍
免费A片
免费成人图片
免费成人网站
免费成人网站?
免费黄b色电影
免费裸舞视频聊天室
免费偷窥网
免费偷窥网?
免費艷情淫穢小說
免費淫姦黃色電影
沔
黾
眄
渑
缅古
缅货
杪
眇
灭中共
灭族
滅中共
民爆器材
民国
民國
民航
民航局
民间电台
民进党
民進黨
民警
民联
民聯
民权
民意
民意论坛
民意論壇
民运
民运打倒
民運
民阵
民陣
民政部
民众电子报
民猪
民主
民主潮
民主党
民主黨總部
民主墙
民主墻
民主网
民主中国
民族
民族分裂分子
民族矛盾
缗
緡
湣
黽
愍
鳘
鰵
名人大道
明报
明报月刊
明慧
明慧网
明慧網
明镜网
明镜新闻
明镜周刊
明斯克号
明星裸体照
明星新聞網
明星淫图
鸣枪
摸你鸡巴
摸你鶏巴
摸你全身
摸阴蒂
摸阴蒂?
摩洛客
摩洛客?
摩洛客成人网址
摩门教
魔煉之地
抹黑
抹红
茉莉花
茉莉花革命
莫伟强
莫偉强
莫言
墨索里尼
默罕默德
默克尔
侔
谋杀
鍪
呒
毪
嘸
母奸
母女双飞
母子奸情
母子奸情屏蔽?
母子交欢
牡丹花
牡丹花革命
木耳
木門看守
木犀地
木子论坛
木子論壇
仫
穆罕默德
穆斯林
穆斯林兄弟会
拿破仑
哪里有猎qiang卖
那嗎B
那嗎逼
那嗎錯比
那嗎老比
那嗎瘟比
那吗B
那吗逼
那吗错比
那吗老比
那吗瘟比
那娘错比
那娘錯比
那娘老比
那娘瘟比
那曲
纳粹
納粹
奶
奶大屄肥
奶奶的
奶奶个熊
奶娘
奶挺臀翘
奶头
奶頭
奶罩
奶子
奶子?
耐科尔(城镇移动)
鼐
男根增长sex吧
男女激情淫乱
男女交欢
男女交欢?
男女蒲典
南大自由论坛
南大自由論壇
南华早报
南联盟
南蛮
南蛮子
南蠻子
南洋视界
南早中文网
曩
呶
硇
嫐屄
闹事
闹新疆
鬧事
內褲
內衣
内斗
内裤
内蒙古5
内蒙古抗议
内蒙古锡林郭勒盟
内幕
内幕第28期
内射
内射?
内射美妇
内衣
嫩b
嫩BB
嫩鲍
嫩鲍鱼
嫩屄
嫩屄?
嫩逼
嫩逼?
嫩缝
嫩奶
嫩女
嫩女?
嫩穴
嫩穴肉缝
能样
能樣
尼奥夫
尼奧夫
尼泊尔军刀专卖
尼姑
尼克松
尼玛
尼玛逼
尼米兹
倪拆声
倪育贤
倪育賢
倪志福
鲵
鯢
伱媽
你大爷
你爹
你老母
你老母的
你老味
你姥
你姥姥
你姥姥的
你妈
你妈B
你妈逼
你妈比
你妈的
你妈的╭ω╮
你妈的比
你妈了妹
你媽
你媽逼
你媽比
你媽的
你媽了妹
你马的
你母亲
你奶
你娘
你娘89-64cdjp
你娘的
你娘的比
你娘卡好
你娘咧
你全家
你色吗
你是鸡
你是鸭
你说我说论坛
你說我說論壇
你他马的
你它妈的
你它马的
你她马的
你丫
你呀的鸡巴长歪了吧
你爷
你爺
你以为你装屄就能骗我
你以为你装逼就能骗我
妳老母的
妳妈的
妳马的
妳娘的
妳她妈的
娘比
娘的
娘饿比
娘餓比
嬲
尿忽鬼
捏你鸡巴
捏你鶏巴
捏你奶子
捏弄
捏弄?
乜
肀
聂荣臻
臬
蘖
恁
您娘痒
牛逼
牛逼administrator关闭了的聊天功能
牛比
牛比administrator千里传音
牛博网
牛顿
牛鬼蛇神
牛泪
牛埔帮
牛头马面
纽约时报
农夫电影
农业部
农业电子报
侬着冈峦
侬着卵抛
浓硫酸
儂著岡巒
儂著卵拋
耨
奴畜抄
奴隷调教
奴隸魔族士兵
胬
虐待
虐恋花园
虐奴
虐童
傩
儺
诺姆
搦
諾姆
女屄
女尔
女干
女幹
女尻
女马
女马ㄉ
女马白勺
女马的
女同
女武神
女性自慰sex吧
女也
女优
女优?
女支
女主人罗姬马莉
女主人羅姬馬莉
欧美大乳
欧美无套
偶像崇拜者
拍肩迷药出售
排泄
派奖员
派礼员
潘国平
潘國平
潘基文
潘金莲导航
爿
盘口
蹣
叛.*国
叛.*國
叛.*徒
庞建国
膀胱
龐建國
跑跑网络
泡沫经济
泡沫經濟
炮打中宣部
炮友
炮友之家
炮友之家?
陪睡觉
赔率
配姣西
旆
淠
辔
轡
喷精
喷精?
喷你
喷你ameabc.com
喷你B样
喷雾蒙汗药
噴精
噴精?
噴你
彭博
彭博商业周刊
彭博新闻社
彭冲
彭德怀
彭德懷
彭湖
彭丽媛
彭珮云
彭真
批林批孔
皮拉德
皮条客
皮條客
蚍
埤
罴
羆
鼙
庀
圮
圮綦
仳
屁股
屁精
屁眼
屁眼?
屁眼chinagames.net
嫖娼
嫖妓
嫖妓指南
嫖客
姘头
频.*道
頻.*道
品色堂
品色堂网址
品香堂
品穴
俜
冖
平反
平反六四
平可夫
平叛
评共产党
评中国共产党
苹果日报
評共產黨
評中國共產黨
攴
泼妇
潑婦
迫害
迫奸
破处
破防圖騰
破壞魔戛爾
破碎中的門
破网软件
破鞋
破鞋falundafa
剖腹一刀五千几
掊
裒
仆从斯特拉
仆街
仆仆街
僕從斯特拉
纀
纀轵继
纀軹繼
普金
普京
普贤
曝光中共
七.五
七.五事件
七连发猎枪专卖
七連發獵狗出售
七連發獵槍出售
七碌
七七
七五
七贤帮
七月七日
柒西
亓
齐墨
齐诺
祁建
祁培文
奇迹世界
奇洛格
奇淫宝鉴
骑你
綦
齊墨
齊諾
騎你
騎士埃爾丁
騎士的看守
屺
起义
綮
气动钢珠枪购买
气狗
气狗销售网
气枪
气枪电话
气枪销售
气枪专卖
气枪专卖店
气枪子弹专卖店
气象局
汽车万能钥匙
汽车遥控拦截器
汽车炸弹
汽狗qq
汽狗出货
汽狗出售
汽狗到货
汽狗电话
汽狗订购
汽狗技术转让
汽狗销售
汽狗支付宝专卖
汽狗制造图
汽油涨价
氣動鋼珠槍購買
氣狗出售
氣狗销售
碛
磧
葜
千里传音
千里传音gameabc.com
岍
佥
铅弹气枪出售
铅弹气枪销售
签名
愆
鉛彈氣槍出售
鉛彈氣槍销售
僉
搴
钤
前凸后翘
前阴后庭抽插自慰器
钱达
钱国梁
钱其琛
掮
鈐
錢達
錢國梁
錢其琛
凵
肷
谴责中共
譴責中共
欠操
欠干
欠日
欠薪
椠
槧
枪手
枪支
枪支买卖
枪支销售
戕
锖
錆
强暴
强拆当地居民房
强行拖入宿舍多人
强化商人海倫
强化商人漢尼恩
强化商人伊斯羅
强奸
强奸glave1.diy
强奸处女
强奸犯
强奸你
强奸你日你
强奸丸
强权
强制拆迁
强制浣肠
抢劫
抢粮记
羟丁酸
搶糧記
乔冠华
乔石
乔伊
侨办
桥侵袭兵
喬石
喬伊
鞒
嶠
橋侵襲兵
譙
鞽
巧淫奸戏
愀
俏臀摄魄
翘臀
翘臀嫩逼
翘臀嫩穴
郄
窃听卡
窃听器
箧
篋
钦本立
侵害业主正当权益
亲美
亲民党
亲日
秦慧珠
秦基伟
秦青的幸福生活
秦青的幸福生活?
秦氏弓弩专供
禽流感
禽兽
禽獸
勤司领部
吣
唚
青年节
青年日报
青天白日
青天白日旗
轻舟快讯
氢弹
清除负面
清除网络负面信息
清理负面
清晰内射
清心论坛
清真寺
輕舟快訊
情妇
情婦
情色
情色成人基地
情色导航
情色美眉娱乐社区
情色天崖
情色天崖?
情色文学
情色文学?
情色五月
情色仙林
情色艺术天空
情兽
情獸
檠
请大家转发维族朋友
请输入城镇名称
请愿
请愿书
謦
檾
庆红
慶紅
親美
親民黨
親日
穷b
穷逼
筇
蛩
蛩鼽
跫
銎
丘垂貞
邱垂贞
邱会作
邱太三
邱毅
求包养
求购三唑仑片
鼽
詘
麴
黢
劬
璩
璩美凤
瞿秋白
蘧
衢
蠼
蠼毵
曲线消魂
去你妈的
去你妈的http://www.ourgame.qqzz.net/
去你媽的
去死
去氧麻黄碱制作方法
阒
闃
圈赤匪
棬
权斗
权力分配
全国两会
全国人大
全國兩會
全國人大
全裸
全能神
全能神教
全球公审
全球公审江泽民
全球华人春节联欢晚会
拳交
绻
綣
瘸腿帮
瘸腿幫
悫
确吉
确吉尼玛
愨
裙内偷拍
裙下风光
群.*里
群奸
群奸hypermart.net
群奸乱交
群奸轮射
群交
群交亂舞
群交亂舞?
群魔色舞
群体灭绝
群阴会
燃燒彈制作
让你操
讓你操
惹火身材
惹火自拍
热比娅
热-比-娅
热比娅·卡德尔
热那亚
热那亚&&&&&&花革命
热线
热站政论网
熱比婭
熱站政論網
人大
人大常委
人大代表
人代
人代会
人弹
人间福报
人力资源和社会保障部
人马
人民
人民报
人民報
人民大会堂
人民大會堂
人民代表
人民代表大会
人民代表大會
人民广场
人民礼堂
人民路
人民內情真相
人民内情真相
人民日报
人民银行
人民真实
人民真實
人民之声论坛
人民之聲論壇
人妻
人妻?
人妻交换
人妻内射
人妻色诱
人妻熟女
人妻榨乳
人妻自拍
人妻做爱
人权
人權
人人有色论坛
人事部
人体摄影
人体炸弹
人屠
人性本色
人妖
人也
仁·唯色
仁波切
仁唯色
仁-唯色
任八
任弼时
任建新
任泽民
扔石头
扔鞋
日啊
日本
日本AV女优
日本RING
日本成人激情三级片
日本地震
日本帝国
日本帝國
日本灌肠
日本鬼子
日本领事馆
日本妹
日本人
日本骚货
日本骚货?
日本首相菅直人
日本熟母
日本素人
日本天皇
日本有码
日屄
日逼
日逼?
日穿
日蛋
日好色女成人網
日货
日军
日軍
日喀则
日领馆
日內瓦金融
日内瓦金融
日你
日你oldworm.com
日你爸
日你老母
日你妈
日你妈啦屄
日你妈啦逼
日你媽
日你奶奶
日你娘
日你全家
日你先人
日你爷爷
日你爺爺
日你祖宗
日日日
日爽
日死
日死你
日他娘
日王
日朱骏
日朱駿
肜
熔岩恶龙
熔岩之龙
柔阴术
蹂躏
鞣
肉棒
肉棒?
肉逼
肉壁
肉便器
肉唇
肉唇?
肉洞
肉缝
肉感炮友
肉沟
肉沟?
肉棍
肉棍?
肉棍干骚妇
肉棍干骚妇?
肉棍子
肉壶
肉壶?
肉茎
肉茎?
肉具
肉具?
肉蒲团
肉蒲团?
肉獅
肉丝裤袜
肉体
肉箫
肉穴
肉淫器吞精
肉淫器吞精?
肉欲
肉欲?
如何利用中共迫害
如来
颥
顬
乳霸
乳爆
乳波
乳波臀浪
乳此动人
乳此丰满
乳此丝袜
乳房
乳峰
乳沟
乳沟?
乳尖
乳交
乳尻
乳来伸掌
乳射
乳头
乳頭
乳腺
乳晕
乳暈
乳罩
入联
入联公投
入穴一游
软文发布
软纋
軟纋
蕤
蚋
瑞士金融大学
瑞士金融大學
撒尿
撒泡尿
撒切尔
卅
脎
萨达姆
萨哈卜
萨拉托加
萨马兰奇
薩達姆
塞白
塞拉利昂
塞你爸
塞你公
塞你老母
塞你老师
塞你母
塞你娘
塞你娘赛妳阿母
赛福鼎?艾则孜
赛福鼎·艾则孜
赛福鼎•艾则孜
赛你公
赛你老母
赛你老师
赛妳阿母
三K党
三K黨
三P
三八
三八婆
三八淫
三挫崙qq
三反五反
三个代表
三個代表
三公
三宫六院七十二妃
三级激情片
三级片
三級片
三箭牌汽枪qq
三箭牌汽枪出货
三箭牌汽枪到货
三箭牌汽枪电话
三箭牌汽枪订购
三箭牌汽枪图纸
三箭牌汽枪制造
三箭牌汽枪转让
三箭气枪qq
三箭气枪到货
三箭气枪电话
三箭气枪订购
三箭气枪技术转让
三箭气枪制造图
三箭氣狗出售
三箭氣槍銷售
三民主义
三年经济困难时期
三年困难时期
三年自然灾害
三陪
三去车仑
三去车仑工力
三去车仑功
三去車侖工力
三去仑功
三中二
三唑仑
三唑仑片价格
三唑綸出售
彡
氵
氵去
氵去车仑工力
氵去车仑工力?
氵去車侖工力
氵去車侖工力?
毵
毿
糁
糝
散弹枪买卖
散散步
骚b
骚B熟女
骚棒
骚包
骚屄
骚逼
骚逼?
骚逼喷水
骚动的喜玛拉雅
骚洞
骚妇掰B
骚妇露逼
骚棍
骚货
骚鸡
骚姐姐
骚姐姐?
骚浪美女
骚浪人妻
骚卵
骚乱
骚妈
骚妹
骚妹?
骚妹妹
骚母
骚女
骚女?
骚女叫春
骚婆娘
骚妻
骚扰
骚乳
骚水
骚水?
骚穴
骚穴?
骚穴怒放
骚姨妈
懆您妈
懆您娘
懆您娘肏
騷B
騷棒
騷包
騷逼
騷棍
騷貨
騷鶏
騷浪
騷卵
色97爱
色BB吧
色狐狸网址
色狐狸网址?
色界
色界论坛
色拉寺
色狼论坛
色狼论坛?
色狼小说
色狼小说?
色撸
色猫
色迷城
色魔
色情
色情服务
色情工厂
色情论坛
色情倚天屠龙记
色区
色区?
色色
色色成人
色色婷婷
色色五月天
色书库
色书库?
色窝窝
色诱
色诱?
色欲
色欲檔案
色之戒四合院
色中色
森林之鹰出售
杀你全家
杀你一家
杀人
杀人犯
杀手
沙漠之鹰出售
沙漠之鹰销售
莎士比亚
殺你全家
殺你一家
殺人犯
傻B
傻屄
傻逼
傻比
傻叉
傻吊
傻卵
傻鸟
傻鳥
傻子
煞逼
煞笔
煞筆
釃
山本
山本五十六
山口组
山口組
山西巷
山猪气手枪
删除负面帖子
删除负面贴子
删除负面信息
删除负面信息请找
删帖公司
删贴公司
埏
善恶有报
善惡有報
伤害反射图腾
商务部
傷害反射圖騰
上床不说爱
上床求欢
上访
上訪
上海帮
上海幫
上海工字气枪指定销售点
上海孤儿院
上海孤兒院
上海牌工字气枪专卖网
上海气枪批发网
上海气枪网
上海气枪销售网
上交所
上门按摩
上门小姐服务QQ
上你
上妳
上山下乡
上尉雪原巨人
上午9点
烧毁
烧汽车
烧商店
少妇白洁
少妇白洁?
少妇白洁全集
少妇偷情
少年阿宾
少年阿宾?
少年大宝全集
少女被插
少女被插?
少女迷幻药
少女迷奸药水
少女迷情粉货到付款
少女迷情药
少女迷情药水出售
少女潘金莲
少女小姐上门
少修正
邵家健
哨兵队长阿尔汉
哨兵队长巴克
哨兵队长克伦
哨探兵
舌头穴
舌战法庭
舌战法庭?
设局
社.会.正.义.力.量
社保基金会
社会院
社会主义
社會主義
社科院
舎缴
舎繳
射釘槍改裝
射钉枪改猎枪
射钉枪改气
射钉枪改装
射钉枪改装方法
射精
射了
射了还说要
射了還說要
射奶
射你
射爽
射颜
射颜?
涉日
灄
身寸米青
身份證生成器
呻吟
深爱色色
深交所
深圳飞成都
深圳飞成都?
神.*魔.*永.*生
神雕外传之郭襄
神雕外传之郭襄?
神汉
神经病
神經病
神婆
神通加持法
沈富雄
沈仁干
沈彤
沈阳蚂蚁
沈智慧
审查
审计署
哂
矧
谂
諗
葚
升天
生成身份證qq
生春袋
生孩子沒屁眼
生孩子没屁眼
生奸内射
生命分流的圖騰
生命力公益新闻网
生命之木
生僻字
生徒胸触
生鸦片
生者与死者
生殖
生殖器
生殖器?
声援
澠
眚
圣母
圣母峰
圣女峰
圣泉学淫
圣战
盛华仁
盛華仁
盛雪
聖射手
聖戰
尸蟲
尸龍
失禁
失密
失身
失身粉
施明德
施瓦茨
施瓦茨?弗雷姆
湿了还说不要
湿了还说要
湿身诱惑
湿透的内裤
湿穴
湿穴?
蓍
鲺
濕了還說不要
濕了還說要
鯴
十八代祖宗
十八和谐
十八摸
十二煞星帮
十景缎
十景缎?
十六大
十七大的一封信
十七大权斗
十七大人大代表一封信
十七条
十三点
十三兄弟帮
十一届三中全会
十字军
饣
石戈
石化圖騰
石拳戰鬥兵
石宗源
时代论坛
时事论坛
实际神
食精
食捻屎
食屎
食堂涨价
時代論壇
時事論壇
鲥
鰣
史迪威
史萊姆
史萊姆王
史玉猪
史玉柱
史总
驶你爸
驶你公
驶你老母
驶你老师
驶你母
驶你娘
士兵管理員瓦爾臣
礻
示威
世纪中国网
世界报纸
世界电影(台湾)
世界经济导报
世界經濟導報
世界日报
世界通
世界维吾尔代表大会
世界新闻媒体网
世界新闻网
世界之门
世维会
市委
事实独立
事實獨立
事屎
侍从贝赫尔特
侍从伦斯韦
侍從貝赫爾特
侍從倫斯韋
视频裸聊
贳
是鸡
室主千里传音
室主说道：
室主说道:
貰
释迦牟尼
释欲
收单管猎狗
收费删帖
收集狂
收容所
手qiang货到付款
手qiang貨到付款
手qiang销售
手qiang銷售
手冲
手狗出售
手狗销售
手机X卧底
手机监听卡
手机监听卡出售
手机监听软件
手機改號軟件
手機跟踪定位器
手機監聽卡出售
手機截聽器
手機竊聽器
手榴弹
手枪QQ
手枪买卖
手淫
手淫?
首.*服
首都管理局职员
受精
售ID
售QQ
售财富
售高仿真人民币
售号
售軍用手枪
售卡
售枪QQ
售软件
兽奸
兽交
兽交?
兽兽门
兽兽门视频完整版
兽欲
兽欲?
獸交
殳
疋
叔嫂肉欲
摅
毹
攄
熟妇
熟妇人妻
熟妇骚器
熟母
熟女
熟女护士
熟女乱伦
熟女颜射
腧
数据中国
數據中國
刷分
刷钱
双峰微颤
双管猎枪30发提供
双管猎枪出售
双管猎枪销售
双管猎槍买卖
双龙入洞
双十节
双语学生邮报
雙管獵槍出售
雙管獵槍销售
雙十節
爽报
爽死我了
爽死我了?
爽穴
谁用谁知道
水扁
水军007招聘
水军兼职
水军军团招人
水军招聘
水利部
水去车仑
稅力
税力
税务总局
睡着的武神
睡着的武神?
说道：
说道:
厶
司法部
司法院
司马晋
司马璐
司马义·艾买提
司馬晋
司馬璐
司徒华
司徒華
丝袜高跟
丝袜写真
丝袜淫妇
丝袜足交
丝诱
私！服
私#服
私%服
私**服
私**服Bastard
私*服
私?服
私￥服
私F
私处
私處
私服
私—服
私人服务器
思潮
思科罗
思科羅
斯巴达
斯大林
斯蒂芬
斯诺
斯諾
斯皮尔德
斯皮爾德
死/
死gd
死gm
死全家
死神
四川独
四川独立
四川獨
四川獨立
四大广场
四海帮
四海龙女
四海龙女?
四号
四清
四人帮
四人幫
四仔
耜
松岛枫迅雷下载
宋xx
宋楚瑜
宋平
宋庆龄
宋任穷
宋书元
宋書元
宋祖英
送.*礼
送.*礼.*包
送.*禮
送.*禮.*包
送.*神
送.*神.*器
送.*首
送.*首.*冲
送.*首.*充
送.*首.*沖
送.*元.*宝
送.*元.*寶
薮
藪
苏菲尔
苏家屯
苏家屯集中营
苏拉
苏南成
苏绍智
苏特勒
苏晓康
苏盈贵
苏兆征
苏贞昌
苏振华
酥胸诱惑
酥穴
酥痒
蘇菲爾
蘇拉
蘇南成
蘇紹智
蘇特勒守護兵
蘇特勤
蘇特勤護衛兵
蘇特勤魔法師
蘇曉康
蘇盈貴
蘇貞昌
俗人岛
素人娘
速效迷奸药
算牌软件
荽
濉
碎片製造商人馬克
碎片製造商人蘇克
孙春兰
孙大千
孙大午
孙文
孙逸仙
孙永波
孙政才
孙中山
孙子
孫大千
孫中山
桫
嗍
他NND
他ㄇㄉ
他ㄇㄞ
他ㄇ的
他爹
他妈
他妈ㄉ
他妈ㄉ王八蛋
他妈的
他媽
他媽的
他嗎的
他马的
他吗的
他母亲
他母親
他奶奶
他奶奶的
他奶娘的
他娘
他娘的
他祖宗
她妈
她妈的
她媽
她马的
她奶奶的
她娘
她他妈的
塔利班
塔內
塔内
塔乌
塔烏
鳎
鰨
闼
闥
台办
台北
台独
台独党
台独党纲
台独分子
台独万岁
台獨
台海危机
台军
台联
台盟
台南
台商
台湾
台湾岛国
台湾岛国独立万岁
台湾岛国万岁
台湾帝国
台湾独
台湾独立
台湾獨立
台湾公投
台湾共产党
台湾共和国
台湾狗
台湾国
台湾国胡锦涛
台湾记者协会
台湾间谍
台湾建国运动组织
台湾民国
台湾青年独立联盟
台湾秃鹰qq
台湾秃鹰出货
台湾秃鹰到货
台湾秃鹰电话
台湾秃鹰订购
台湾秃鹰技术
台湾秃鹰图纸
台湾秃鹰制造
台湾旺报
台湾政论区
台湾自由联盟
台湾总统
台湾总统新疆独立
台灣国
台灣國
台英社
台中
鲐
臺獨
臺盟
臺湾國
臺灣帝國
臺灣獨
臺灣獨立
臺灣共産黨
臺灣狗
臺灣國
臺灣建國運動組織
臺灣民國
臺灣青年獨立聯盟
臺灣政論區
臺灣自由聯盟
鮐
薹
太.*古.*遮.*天
太监
太監
太阳报
太陽報
太子党
泰奴橋警衛兵
泰奴橋掠奪者
谭绍文
谭震林
谭政
坦克GM
坦克公告
坦克管理员
坦克客服
坦克系统公告
炭疽病毒
汤光中
湯光中
耥
唐柏桥
唐柏橋
唐达献
唐家璇
唐捷
唐僧和粉尘女子的性爱生活
唐山大地震老伤兵
唐山大地震老伤兵?
糖仔
帑
逃亡艳旅
逃亡艳旅?
桃园蜜洞
陶驷驹
淘宝网
鞀
鼗
讨伐中宣部
讨阀中宣部
讨薪
討閥中宣部
套弄花心
套牌
特码
特派员
腾讯?
腾讯03系统
腾讯36系统
腾讯欢乐消息
腾讯提示
腾讯信息
腾訊
滕文生
騰讯
騰訊
踢出聊天室
扌
提供54式
提供64式
提供K粉
提供冰毒
提供单管半自动猎枪
提供仿真气枪
提供高压气枪
提供各式小口径步槍
提供工字牌汽枪
提供广州三箭
提供国产54式762mm枪
提供虎头猎枪
提供虎头双管
提供健卫步枪
提供金钟气枪
提供进口气枪
提供军用手枪
提供军用制式54式762mm枪
提供猎枪
提供猎槍小口径步槍
提供氯胺酮
提供美国秃鹰
提供汽狗
提供三箭牌汽枪
提供三箭气枪
提供台湾秃鹰
提供秃鹰
提供秃鹰汽枪
提供瓦斯手狗
提供小口径步枪
提供盐酸羟亚胺
提示
体奸
体育总局
体制改革
逖
替考
替考公司
天安门
天安门残案
天安门惨案
天安门档案
天安门录影带
天安门母亲
天安门母亲运动
天安门事件
天安门屠城
天安门屠杀
天安门一代
天安门英雄纪念碑
天安門
天安門錄影帶
天安門事件
天安門屠殺
天安門一代
天安们母亲运动
天安們母親
天藏
天鹅绒行动
天鹅绒活动
天皇
天剑二型飞弹
天剑一型飞弹
天雷護衛兵
天雷警衛兵
天雷門衛
天雷騎士
天雷哨兵隊長
天雷戰靈
天雷戰士
天灭中共
天滅中共
天怒
天生我材必有用二
天天干
天天干贴图
天天情色
天下杂志
天线宝宝
天阉
天閹
天眼日报社
天葬
天主教
田弘茂
田纪云
田紀雲
田期玉
畋
忝
舔B
舔屄
舔逼
舔逼?
舔鸡巴
舔脚
舔奶
舔弄大阴唇
舔弄小鸡鸡
舔屁眼
舔屁眼?
舔西
舔阴自慰器
祧
调教
调教?
调教虐待
调教性奴
调戏
龆
蜩
髫
鲦
齠
鰷
跳大神
铁道部
铁鹰帮竹林联盟
庭院警卫兵
庭院警衛兵
婷婷激情聊天室
通告
通讯社
通知
冂
仝
同房
同居
同居万岁
同盟
同性恋
同修
童颜巨乳
童屹
童增
统独
统独光谱
统独论坛
统计局
统战
统战部
统治
捅B
捅逼
捅比
捅你
捅她
捅我
統獨
統獨論壇
統戰
偷欢
偷精
偷窥视频
偷窥图片
偷窥图片?
偷拍
偷拍美穴
头领奥马
头领坟墓管理员
头条日报
投毒
頭領奧馬
頭領墳墓管理員
透视
透视软件
凸你
凸妳
凸女也
凸人也
凸肉优
凸他
凸她
凸我
禿鷹氣槍出售
禿鷹氣槍销售
秃鹰qq
秃鹰出货
秃鹰到货
秃鹰电话
秃鹰订购
秃鹰技术转让
秃鹰气枪出售
秃鹰气枪网
秃鹰汽狗
秃鹰汽枪qq
秃鹰汽枪出货
秃鹰汽枪到货
秃鹰汽枪电话
秃鹰汽枪订购
秃鹰汽枪货到付
秃鹰汽枪技术转让
秃鹰汽枪制造图纸
秃鹰制造图
突破中共网络
突破中共網路
图库
图书管理员卡特
屠杀
屠殺
酴
圖書管理員卡特
团派
团员马尔汀
团长戈登
摶
團長戈登
團員馬爾汀
疃
彖
推翻
推翻专制独裁的共产党
推翻專制獨裁的共產黨
推女郎
腿分开
退*dang
退dang
退出共产
退出共产党
退出共產
退出中共
退党
退黨
退伍
退一党
退一黨
吞精
吞精?
吞精骚妹
暾
臀浪
乇
托管理事会
脱光
脱内裤
脱内裤?
橐
鼍
鼉
庹
柝
箨
籜
挖挂
哇嘎成人三级
瓦良格
瓦斯手狗qq
瓦斯手狗出货
瓦斯手狗出售
瓦斯手狗到货
瓦斯手狗电话
瓦斯手狗订购
瓦斯手狗技术转让
瓦斯手狗图纸
瓦斯手狗制造
腽
膃
咼
歪.*Y
歪逼
歪歪
歪歪逼
外$$挂
外$挂
外**挂
外*挂
外??挂
外?挂
外@@挂
外@挂
外~~挂
外~挂
外G
外卦
外挂
外汇局
外交部
外交论坛
外交論壇
外交与方略
外交與方略
外圈
外阴
外遇
外专局
丸仔
完蛋操
玩逼
玩家邮件
玩穴
晚年周恩来
晚年周恩來
万钢
万里大造林
万利大造林
万润南
万三退
万寿路朱各庄26号
万岁
万维博客
万维读者论坛
万维读者网
万晓东
万淫堂
萬里
萬潤南
萬三退
萬夀路朱各莊26號
萬維讀者論壇
萬曉東
汪笨湖
汪东风
汪东兴
汪岷
汪洋
亡共者胡
亡秦者胡
王八
王八蛋
王八龟蛋
王宝森
王寶森
王炳章
王策
王超华
王超華
王从吾
王丹
王辅臣
王輔臣
王刚
王剛
王光美
王涵万
王涵萬
王汉斌
王鹤寿
王洪文
王沪宁
王滬寧
王稼祥
王金平
王锦思
王军涛
王軍濤
王克
王乐泉
王力雄
王立军
王岐山
王瑞林
王润生
王潤生
王若望
王世坚
王世堅
王世勋
王世勛
王希哲
王秀丽
王秀麗
王冶坪
王永生将军
王樂泉
王兆国
王兆國
王振
王震
王子淫传
王子淫传?
王族陵墓
网禅
网管
网监分局
网络炒作培训
网络炒作执行专家
网络打手招人
网络封锁
网络公关删帖公司QQ
网络管理员
网络警察
网络删帖
网络水军招聘
网络推手价格
网络推手招人
网络危机公关
网络执行工作室招人
网上发帖赚钱
网特
往事追忆录
往事追忆录?
網禪
網特
忘我
旺报
威而钢
威而柔
微型袖珍手狗
薇瑞恩
囗交
韦国清
为了中国的明天－－生者与死者
违反购房合同
為了中國的明天－－生者與死者
唯美
维权
维吾尔自治区党委
维-吾-尔-自-治-区-党-委
伟哥
委员会
猥人习禁评
猥琐
猥亵
猥褻
卫生部
未知的石像
尉健行
尉键行
慰安妇
慰安婦
慰春情
魏凤和
魏京生
魏新生
温（瘟）家宝
温B
温宝宝
温逼
温比
温的一封信
温夫人
温公子
温家宝
温切斯特出售
温切斯特销售
温馨
温馨提示5
温馨提示NO5
温元凯
温云松
温总理
溫B
溫逼
溫比
溫家寶
溫切斯特出售
溫馨
溫元凱
瘟B
瘟比
瘟家
瘟家宝
瘟家鸨
瘟假鸨
亠
文革
文化部
文化大革命
文化衫
文殊
文物局
文胸
阌
閿
璺
翁金珠
蕹
倭国
倭寇
窝窝客
我爱我色网址
我操
我操你
我的缠绵往事
我的性启蒙老师
我的性启蒙老师?
我干
我和僵尸有个约会之僵尸始祖
我奸
我就去色
我就色
我靠
我你老板
我妳老爸
我日
我日你
我日你爸
我日你妈
我要官人
我要性交
我要性交网
我做骚妻
沃德
沃德警卫
沃德警衛
沃德哨兵
沃尔开西
乌龟王八蛋
乌兰夫
乌鲁木齐&7月5日晚上
乌鲁木齐&暴动
乌-鲁-木-齐&暴-动
乌鲁木齐&暴乱
乌鲁木齐&闹事
乌鲁木齐&人民广场
乌鲁木齐&游行
无邦国
无帮国
无帮过
无界
无界浏览器
无码
无码彩图
无码精选
无码炮图
无码丝袜
无码体验
无码无套
无码淫漫
无码淫女
无码长片
无码做爱
无毛美少女
无套内射
无套自拍
无锡锡锋牌汽枪
无线监听工具QQ
无修正
吾尔开西
吾尔开希
吾尔凯西
吾爾開希
吾吉买买提
吴爱英
吴百益
吴邦国
吴帮国
吴德
吴敦义
吴方城
吴官正
吴桂贤
吴弘达
吴宏达
吴仁华
吴胜利
吴淑珍
吴学灿
吴学璨
吴仪
吴育升
吴志芳
吳百益
吳邦國
吳敦義
吳方城
吳官正
吳弘達
吳宏達
吳仁華
吳淑珍
吳學璨
吳學燦
吳儀
吳育升
吳志芳
無界瀏覽器
無碼H漫
無碼電影
無碼電影?
無毛穴
無線竊聽器
五不
五连发猎枪出售
五连发猎枪销售
五连发猎枪专卖
五连猎枪30发提供
五連發獵槍出售
五連發獵槍销售
五毛
五十二旅
五十二旅|五-2
五四
五月四日
五月天
伍凡
伍世文
妩媚挑逗
武侯祠
武警
武力统一
武林三国
武林足球
武藤
阢
鋈
西班牙苍蝇水
西北帮
西藏
西藏3·14事件
西藏达赖
西藏独
西藏独立
西藏獨
西藏獨立
西藏恶劣形势
西藏分裂
西藏国
西藏混乱
西藏喇嘛
西藏论坛
西藏人权
西藏之声
西藏之页
西尔艾力
西哈努克
西洋美女
西院看守
吸毒
吸精
吸精少女
吸精少女?
吸收的圖騰
吸血獸
希拉克
希拉里
希特勒
希望之声
希望之声国际广播电台
穸
翕
粞
嘻游中国
嬉游花丛
歙
醯
鼷
习进平
习近平
习禁评
习远平
习仲勋
习主席
觋
袭击
袭近平
習近平
覡
隰
洗肠射尿
洗脑
洗腦
洗钱
葸
饩
系?统
系_统_公_告
系E统
系J统
系Z统
系统
系统`提示
系统A提示}
系统C信息
系统K提示员
系统抽选..
系统对你说
系统公告
系统管理员
系统广播信息?
系统后台G:m
系统提示
系统提示员
系统通知
系统消息
系统消息员54
系统消息员88
系统新闻
系统信息
系统信息012
系统信息018
系统信息46
系统邮件
系統
系統公告
系統消息
郤
舄
餼
下贱
下賤
下流地带
下流地带?
下流坯子
下三烂
下体
下體
夏赞忠
罅
仙.*龙.*战.*将
仙龙
仙龙战
仙龙战将
先奸后杀
先烈对话
先龙
先龙战将
先审后贴
鲜族
薟
鮮族
躚
獫
燹
蘚鮑
现代情色小说
现代逍遥录
现代艳帝传奇
现代艳帝传奇?
现金交易
宪兵司令部
宪政
陷家
陷家铲
現金
現金交易
膁
獻祭的圖騰
乡巴佬
相奸
相调会
香港报纸
香港彩宝必中六肖?
香港彩票
香港电台
香港独立媒体
香港黄大仙
香港惠泽社群?
香港经济日报
香港六合彩公司特码
香港六星合彩
香港明报
香港人网
香港赛马会
香港赛马会大型六合彩资讯网
香港赛马会六合网
香港商报
香港商台
香港总彩
香水型迷奸药
香烟迷药催眠迷幻药
想上你
想与我爽
鲞
鯗
向巴平措
向忠发
项怀诚
项小吉
项英
項懷誠
項小吉
肖强
肖特
枵
哓
逍遥游论坛
消息提示0?
萧府之败
硝化甘油
硝酸甘油
硝酸甘油炸药制造
销魂洞
销魂洞?
销售
销售54式
销售64式
销售king粉
销售K粉
销售PCP新贵手枪
销售北朝鲜冰
销售苯基丙酮
销售冰毒
销售冰古
销售步qiang
销售纯古
销售电击麻醉枪
销售仿真气枪
销售高压气枪
销售各式小口枪
销售广州三箭
销售海豹M9
销售胡椒醛
销售虎头双管
销售黄绿牙签
销售黄体酮
销售唧筒式猎枪
销售甲基苯丙
销售健卫步枪
销售捷克左轮
销售金钟气枪
销售进口气枪
销售军用雷鸣登QQ
销售军用手枪
销售可可精
销售猎qiang
销售猎枪
销售邻氯苯晴
销售氯胺酮
销售麻古果子
销售麻醉qiang
销售美国秃鹰
销售气枪
销售汽狗
销售枪支
销售羟基环戊基
销售青蒿素
销售三箭牌汽枪
销售三箭气枪
销售手qiang
销售手枪
销售水晶冰
销售四氢吡喃酮
销售台湾秃鹰
销售天然咖啡因
销售秃鹰
销售秃鹰汽枪
销售瓦斯手狗
销售盐酸氯胺酮
销售盐酸羟亚胺
销售乙醚
销售赵氏弓弩
销售中控解码器
销售钻石
销售左旋麻黄素
嘵
銷售步qiang
銷售電擊麻醉槍
銷售干擾器
銷售间苯三酚
銷售獵qiang
銷售麻黃素
銷售麻醉qiang
銷售手qiang
銷售售用麻醉槍
銷售盐酸羟亚胺
銷售遙控解碼器
銷售中控解碼器
小b
小B样
小B樣
小逼
小比样
小比樣
小便
小表子
小参考
小參考
小弟弟
小攻
小鸡鸡
小鶏鶏
小姐
小姐打飞机
小姐打飞机?
小姐裸聊
小姐上门口交
小姐上门全套
小口径步枪qq
小口径步枪出货
小口径步枪出售
小口径步枪到货
小口径步枪电话
小口径步枪订购
小口径步枪技术转让
小口径步枪图纸
小口径步枪销售
小口径步枪制造
小口徑步槍出售
小口徑步槍销售
小灵通
小靈通
小六改火
小蜜蜂订购
小嫩鸡
小平的预言
小泉
小泉纯一郎
小泉純一郎
小犬春一狼
小犬蠢一狼
小日本
小日本鬼子
小肉粒
小乳头
小骚BB
小骚BB自拍
小受
小穴
小阳
小右
小昭寺
笑脸二号
笑脸一号
效忠天皇
歇b
歇逼
邪党
邪黨
邪恶
邪恶打上兽的印记
邪恶的党
邪惡打上獸的印記
邪惡的黨
勰
写真
谢非
谢深山
谢旭人
谢选骏
谢长廷
谢中之
薤
謝長廷
謝深山
謝選駿
謝中之
躞
心灵法门“白话佛法”系列节目
心水
辛灏年
辛灝年
辛子陵
新.*游.*戏
新报网站
新不夜城
新党
新观察论坛
新觀察論壇
新花和尚
新华举报
新华内情
新华社
新华通论坛
新華舉報
新華內情
新華通論壇
新纪元
新纪元周刊387期
新疆&暴动
新疆&暴乱
新疆&闹事
新-疆&闹-事
新疆&游行
新疆7·5事件
新疆独
新疆独立
新疆獨
新疆獨立
新疆分裂
新疆国
新金瓶梅
新三才
新生网
新生網
新史记
新手辅导员
新手训练营
新手訓練營
新手指导员
新台湾新闻
新唐人
新唐人电视台
新唐人电视台网
新头壳
新闻办
新闻出版
新闻出版总署
新闻封锁
新闻管制
新闻小天使
新聞出版總署
新聞封鎖
新义安
新義安
新语丝
新語絲
鑫报e乐网
信报财经新闻
信报月刊
信访
信访局
信徒
信息产业部
信息发布
信息专员
信用危机
信用危機
信众
星岛环球网
星岛日报
星岛日报消息
星光伴我淫
星光伴我淫?
猩型号订购
邢铮
邢錚
擤
兴奋剂
兴纩繿聏继
幸运公告
性爱
性爱擂台
性爱图库
性爱图库?
性爱韦小宝之玩女大王
性愛
性愛插穴
性愛圖片
性愛圖站点?
性病
性服务
性福源
性感
性感肉丝
性感乳娘
性感沙滩2
性感妖娆
性感诱惑
性高潮
性虎
性虎?
性虎色网
性饥渴
性饥渴?
性交
性交课
性交图
性交吞精
性交无码
性交易
性交自拍
性酒吧
性乐
性奴
性奴?
性奴会
性虐
性虐待
性情中人
性骚扰
性生活
性事
性无能
性無能
性息
性息中国
性佣
性欲
性战擂台
性之站
興纊繿聏繼
胸部
胸濤乳浪
胸推
胸罩
熊炎
熊焱
修炼
修煉
羞耻母
虛弱圖騰
虛無的飽食者
徐邦秦
徐才厚
徐国舅
徐國舅
徐匡迪
徐绍史
徐水良
徐向前
徐中雄
许财利
许家屯
许其亮
许世友
许万平
许信良
醑
儇
諼
悬赏兼职发帖
选举
薛伟
薛偉
穴海
穴爽
穴图
穴淫
学潮
学联
学生爱国运动
学生爱国运动正名
学生爱国者运动
学生爱国者运动证明
学生妹
学生乳交
学习班
学运
学自联
泶
學潮
學聯
學生妹
學生妹?
學運
學自聯
澩
雪山狮子
雪山狮子旗
雪腿玉胯
血逼
血迹冲洗
血洒天安门
血洗天安门
窨
醺
郇
迅雷三级影片
丫的
丫头养的
押大
押小
鸦片
鸦片液
鸦片渣
亚历山大
亚情
亚洲插穴图
亚洲情色网
亚洲色
亚洲性交电影
亚洲性虐
亚洲性虐?
亚洲淫娃
亚洲有码
亚洲周刊
烟草局
阉掉
阉狗
閹狗
讠
严家其
严家祺
言禁
言论自由
言論自由
訁
盐酸二氢埃托菲
盐酸氯胺酮批发
盐酸氯胺酮制作QQ
盐酸羟技术转让
盐酸羟亚胺qq
盐酸羟亚胺出货
盐酸羟亚胺到货
盐酸羟亚胺电话
盐酸羟亚胺订购
盐酸羟亚胺合成
盐酸羟亚胺技术
盐酸羟亚胺技术转让
盐酸去氧麻黄碱电话
阎明复
阎王
颜骑
颜清标
颜庆章
颜色革命
颜射
颜射?
颜射自拍
閻明複
顔清標
顔慶章
顔射
嚴家其
嚴家祺
鹽酸羟亞胺合成
剡
眼之魔女
罨
艳妇淫女
艳母淫臀
艳情小说
艳乳
艳舞??
艳舞淫业
艳照
艳照门
谳
燕京大学
鷰京大學
讞
央视内部晚会
央視內部晚會
阳光时务周刊
阳江刀具网
阳精
阳具
阳萎
阳痿
阳物
杨白冰
杨得志
杨怀安
杨建利
杨洁篪
杨晶
杨牧之
杨尚昆
杨思敏
杨巍
杨燕姬
杨勇
杨月清
杨周
陽具
陽痿
陽物
楊懷安
楊建利
楊巍
楊月清
楊周
养个儿子做丈夫
养蚂蚁
妖媚熟母
妖你
姚罗
姚羅
姚文元
姚依林
姚月谦
姚月謙
軺
摇奖
摇头丸
摇头玩
搖頭丸
遥想当年春衫薄
遥想当年春衫薄?
銚
咬着龟头
要色色
要射了
要爽就注册
藥材商人蘇耐得
藥水
耶和华
耶稣
耶穌
野合
野鸡
野鶏
野外性交
业主请愿
业主示威
业主维权
叶剑英
叶菊兰
叶群
夜话紫禁城
夜話紫禁城
夜猫网
夜情
夜色贵族
夜色王朝
夜诱娘子
葉菊蘭
一.*起
一.*起.*玩
一本道
一本道电影
一本道迅雷下载区
一边一国
一党
一党独裁
一党专政
一党专制
一黨專制
一个大学女老师的自述
一个风韵女人的性爱历程
一个身份
一个事实
一贯道
一国两制
一九八九六四
一九八九年六月四日
一军两策
一军两策?
一块的硬币出售
一条龙
一陀粪
一陀糞
一肖中特
一夜欢
一夜欢?
一夜九次郎
一夜情
一夜情激情成人聊天室
一夜情论坛
一夜性网
一中一台
一字解特码
一字解特码?
衤
伊德
伊拉克
伊拉克伊斯兰国
伊朗
伊莎貝爾
伊斯兰
伊斯兰解放组织
伊斯兰军
伊斯兰马格里布基地组织
伊斯兰团
伊斯兰运动
伊斯蘭
伊斯蘭亞格林尼斯
猗
壹电视
壹周刊
壹周刊(台湾)
黟
圯
移动
移民冲突
遗精
遗留问题
疑案
遺精
乙肝检测
乙肝歧视
乙肝筛选
乙肝维权
乙肝携带者
乙肝战友
以茎至洞
以茎制洞
太监
蚁力神
倚天屠龙别记
倚天屠龙别记?
弋
义解
刈
仡
亦凡
异见人士
异見人士
异型叛軍
异议人士
异議人士
抑制剂
易丹轩
易丹軒
易志熹
佾
埸
意淫
意志
意志不堅的圖騰
瘗
瘞
殪
劓
繹
議長阿茵斯塔
議員斯格文德
阴屄
阴部
阴唇
阴道
阴道suoha168.go.nease.net/suoha.zip
阴道图片
阴蒂
阴蒂triangleboy
阴缔
阴缔?
阴阜
阴阜高耸
阴沟
阴核
阴户
阴茎
阴茎upgame.com
阴茎插小穴
阴精
阴毛
阴门
阴囊
阴水
阴水voachinese
阴小撕大
阴影
陰部
陰唇
陰道
陰蒂
陰戶
陰莖
陰精
陰毛
陰門
陰囊
陰水
陰穴新玩法
陰影
银行卡复制器出售
银民吧
淫
淫B
淫woncore.com
淫の方程式
淫逼
淫痴
淫虫
淫虫?
淫荡
淫荡www.lywg.com
淫荡肛交妹自慰器
淫荡贵妇
淫荡口交妹
淫荡迷情药
淫荡自慰器
淫蕩
淫蕩?
淫店
淫东方
淫妇
淫妇?
淫妇口交
淫妇自慰
淫告白
淫河
淫秽
淫穢
淫穢bt電影
淫穢圖片
淫货
淫貨
淫奸电影
淫贱
淫贱?
淫賤
淫浆
淫叫
淫叫?
淫姐
淫浪
淫流
淫乱工作
淫乱熟女
淫乱熟女&&&&&&高清性愛
淫乱诊所
淫亂
淫亂?
淫亂潮吹
淫驴屯
淫毛
淫妹
淫妹?
淫妹妹
淫糜
淫蜜
淫魔
淫母
淫妞
淫奴
淫虐
淫女
淫女?
淫女炮图
淫妻
淫妻交换
淫腔
淫情
淫肉诱惑
淫色
淫色?
淫色贴图
淫声浪语
淫师荡母
淫兽学园
淫书
淫术炼金士
淫术炼金士?
淫水
淫水?
淫水爱液
淫水爱液?
淫水翻騰
淫水横流
淫水横溢
淫水涟涟
淫水丝袜
淫水四溅
淫丝荡袜
淫图
淫娃
淫网
淫西
淫穴
淫穴里骚水
淫穴骚水
淫样
淫液
淫语连连
淫欲日本
淫欲世家
淫贼
淫战群P
淫汁
淫汁?
婬乱军团
欽本立
鄞
尹庆民
尹慶民
尹蔚民
引爆
引咎辞职
隐窝窝
隐者之路
隱者之路
廴
英国B5供应
英国广播公司
英国金融时报
英国骚本订购
英文中国邮报
英雄纪念碑
罂粟
鹰眼派氏族
鷹眼派氏族
营地哨兵
映山红(金达莱)革命
硬挺
硬直图腾
硬直圖騰
媵
邕
饔
永恒之塔
憂鬱的艾拉
尤比亚
尤比亞
尤哈哈
尤特
由喜贵
由喜貴
邮政局
游蕩的僵尸
游蕩的士兵
游蕩爪牙
游行
游锡堃
游錫坤
游戏管理员
游戏管理者
游戏合作
游戏监督员
游戏客服
游戏送奖员
游戏向导
游戏向导游戏监督员
游戏指导员
游戲管理員
游衍
友好的魯德
友情气枪专卖网
有容奶大
卣
牖
右派
右翼
幼逼
幼齿
幼齒
幼妓
幼交
幼交?
幼龙
幼龍
幼男
幼女
幼圖
幼圖?
幼香阁
诱惑
诱惑视频
诱人
诱色uu
於幼軍
于大海
于浩成
于永波
于永湛
于幼军
于幼軍
余洁麟
余秋里
余英时
余英時
俞正声
俞正聲
雩
渔夫菲斯曼
舆论
舆论反制
舆论钳制
漁夫菲斯曼
輿論
輿論反制
宇明网
宇明網
语.*音
圉
傴
龉
窳
齬
玉杵
玉蒲团玉女心经
玉蒲团之官人我要
玉蒲团之偷情宝鉴
玉乳
玉乳?
玉穴
玉穴?
郁慕明
浴尿
浴室干骚女系列
浴室乱伦
浴室自拍
预审查
欲海天龙传
欲火
欲火?
欲火焚身
欲女
欲仙欲浪
欲仙欲浪?
欲仙欲死
欲医天下
御の二代目
御花王
鹆
飫
燠
鵒
鬻
眢
元老蘭提
元老蘭提(沃德）
元老蘭提沃德）
袁纯清
原教旨主义
原味丝袜
原住民族电视台
原子弹
原子弹氢弹
原子弹氢弹贩毒
原子弹制作方法
原子能机构
圆满
援交
援交薄码
援交妹
援交妹?
援交自拍
援助交易
缘圈圈
圓滿
緣圈圈
远华案
远志明
遠志明
垸
掾
曰本
月经
月经带
月經
月經www.ourgame.qqzz.net
岳武
阅兵
龠
瀹
躒
运营
运营官
运营人
运营商
运营长
运营者
运营组
韫
韞
拶
杂毛崽
杂碎
杂种
杂种ydyd10.vicp.net
杂种包皮
雜種
在十月
在线激情电影
昝爱宗
錾
鏨
臟
早饭
早泄
繰
造愛
造反
则民
择民
泽夫
泽民
則民
赜
擇民
澤夫
澤民
賾
贼民
賊民
扎卡维
扎卡维是英雄
扎卡維是英雄
扎瓦赫里
渣波波
炸弹
炸弹遥控器制作方法
炸弹制作流程
炸了天安门
炸药
炸药制作方法
炸药制作方法QQ
瘵
旃
占领中环
占中
战将
驏
张柏芝
张伯笠
张博雅
张春桥
张春贤
张德江
张钢
张高丽
张国栋
张宏堡
张健
张立昌
张林
张平
张清芳
张廷发
张万年
张伟国
张温鹰
张闻天
张筱雨
张新枫
张阳
张又侠
张昭富
张震
张志清
章孝严
章孝嚴
章孝勇
張伯笠
張博雅
張德江
張鋼
張高麗
張宏堡
張健
張立昌
張林
張清芳
張萬年
張偉國
張溫鷹
張昭富
張志清
长官沙塔特
长期低价供应子弹
长期销售各种枪l支
帳號
賬號
招鸡
招鶏
招妓
招妓被踢出聊天室
招聘兼职发帖员
招聘网络水军
招聘网络推手
找工总行
找建总行
找农总行
找小姐
召会
赵海青
赵洪祝
赵建铭
赵克石
赵乐际
赵南
赵品潞
赵氏猎鹰销售
赵文淦
赵晓微
赵紫阳
趙海青
趙建銘
趙南
趙品潞
趙曉微
趙紫陽
哲蚌市
哲蚌寺
哲民
贞操
针孔偷拍
貞操
真理教
真理探索者
真鎗出售
真善忍
真相
真象
真主
真主安拉
真主党
姫辱
阵线
镇魔管理员
镇压
鎮壓
争鸣论坛
争鸣杂志
征集业主意见
征途
爭鳴論壇
正见网
正見網
正念
正邪大决战
正义党论坛
正義黨論壇
证监会
郑宝清
郑丽文
郑少东
郑筱萸
郑义
郑余镇
郑源
郑运鹏
政.*府
政变
政府
政府软弱
政府无能
政权
政權
政协
政協
政治
政治避难
政治打击
政治反对派
政治反對派
政治犯
政治风波
政治封锁
政治風波
政治黑暗
政治局
政治局常委
政治迫害
政治协商会议
政治協商會議
政治压迫
鄭寶清
鄭麗文
鄭義
鄭餘鎮
鄭源
鄭運鵬
支那
直充
絷
摭
踯
縶
躑
夂
指导员
指点江山论坛
指點江山論壇
黹
至尊狼威
豸
制服美妇
制服狩
制服誘惑
制幻剂出售
制造缅古合成
制止帝国战令
制作54式
制作64式
制作K粉
制作冰毒
制作仿真气枪
制作高压气枪
制作工艺
制作工字牌汽枪
制作广州三箭
制作虎头猎枪
制作虎头双管
制作健卫步枪
制作金钟气枪
制作进口气枪
制作军用手枪
制作猎枪
制作氯胺酮
制作氯胺酮qq
制作美国秃鹰
制作汽狗
制作三箭牌汽枪
制作三箭气枪
制作台湾秃鹰
制作秃鹰
制作秃鹰汽枪
制作瓦斯手狗
制作小口径步枪
制作盐酸羟亚胺
制作炸药
质检局
陟
致胡书记的公开信
致幻剂
痔疮
骘
彘
製造緬古合成
製作炸藥QQ
踬
觯
觶
騭
躓
中毒的圖騰
中毒圖騰
中俄边界
中俄邊界
中功
中共
中共/中共中央
中共帮凶
中共暴政
中共查禁
中共的暴政
中共独裁
中共独裁暴政
中共独裁制度必将灭亡
中共獨裁
中共獨裁暴政
中共獨裁制度必將滅亡
中共粉饰太平
中共粉飾太平
中共高层斗争
中共高层黑幕
中共高层黑幕|中
中共高层军权斗争
中共高层内幕
中共高层权贵内幕
中共高层权力斗争
中共高層軍權鬥爭
中共还在祖国横行
中共還在祖國橫行
中共海外渗透
中共海外滲透
中共黑帮
中共黑幕
中共激烈內鬥
中共激烈内斗
中共近期权力斗争
中共近期權力鬥爭
中共军队黑幕
中共军队血腥镇压
中共軍隊黑幕
中共軍隊血腥鎮壓
中共垮台
中共垮臺
中共领导人黑幕
中共領導人黑幕
中共迫害
中共任用政治血缘
中共任用政治血緣
中共十七大前明争暗斗
中共十七大前明爭暗鬥
中共统治危机
中共統治危機
中共伪政权
中共偽政權
中共陷內鬥
中共陷内斗
中共邪党
中共邪黨
中共邪恶
中共心中最大的恐惧
中共血腥镇压
中共血腥鎮壓
中共严密封锁消息
中共嚴密封鎖消息
中共一党专制
中共一黨專制
中共政坛腐败内幕
中共中南海高层内幕
中共中央
中共中央黑幕
中共中央政治局
中顾委委员
中顧委委員
中国
中国54式762mm枪出售
中国成人论坛
中国复兴论坛
中国高干子女名单
中国共产党
中国共产党操纵股市
中国共产党亡
中国孤儿院
中国国情咨询网
中国和平
中国劳工观察
中国领导人最强阵容
中国论坛
中国密报
中国民间保钓联合会
中国民主同盟
中国民主正义党
中国茉莉花革命
中国茉莉花运动
中国气狗商城
中国气枪网
中国气枪销售
中国人民解放军
中国人民银行行长
中国人民志愿军
中国人权双周刊
中国社会进步党
中国社会论坛
中国时报
中国时报新竹分社
中国事务
中国是全球唯一绝对不能惹
中国太子党名单
中国威胁论
中国问题论坛
中国性爱城
中国移动通信
中国在世界的不光彩排名
中国真实内容
中国政坛清华帮盛极而衰
中国之春
中国猪
中國復興論壇
中國共產黨
中國共產黨亡
中國共産黨
中國孤兒院
中國和平
中國論壇
中國社會進步黨
中國社會論壇
中國威脅論
中國問題論壇
中國移動通信
中國真實內容
中國之春
中國猪
中华
中华大地
中华大众
中华电视公司
中华讲清
中华抗日同盟
中华民国
中华民国毛泽东
中华人民共和国
中华人民实话实说
中华人民正邪
中华日报
中华时事
中华养生益智功
中华真实报道
中華大地
中華大衆
中華講清
中華民國
中華人民共和國
中華人民實話實說
中華人民正邪
中華時事
中華養生益智功
中華真實報道
中纪委
中建科技
中奖
中奖公告
中奖提醒
中奖通告
中奖通知
中科院
中南海
中南海高层权力斗争
中南海惊现东宫小朝廷
中年美妇
中年美妇?
中欧新闻网
中山领导流浪汉
中时电子报
中特
中条英机
中文搜性网
中文搜性网?
中宣部
中宣部是中国的艾滋病
中宣部是中国社会的艾滋病
中央
中央电视台
中央電視臺
中央高干子弟名单
中央警卫局大换血
中央军委
中央派系斗争
中央权力被架空
中央日报网络报
中央社
中央社新闻网
中央政法委
中央政治局
中央政治局常委
中医药局
中越自卫反击战
中越自卫反击战?
钟山风雨论坛
钟欣桐
螽
鐘山風雨論壇
重口味
重生法師
重生之乱世种马YY传奇
周恩来
周恩來
周锋锁
周鋒鎖
周济
周健康
周六性吧
周群
周生贤
周守训
周守訓
周天法
周小川
周小康
周旋
周永康
周子玉
啁
粥健康
粥永康
轴永康
碡
肘永康
咒术师科尔米
咒术师纳夫科
咒術師科爾米
咒術師納夫科
籀
朱德
朱凤芝
朱鳳芝
朱嘉明
朱駿
朱可夫元帅
朱立伦
朱立倫
朱林
朱琳
朱毛
朱狨基
朱容基
朱溶剂
朱溶劑
朱熔基
朱镕基
朱镕基李瑞环
朱鎔基
朱胜文
朱总理
珠宝
猪操
猪操屄
猪聋畸
猪聾畸
猪毛
猪毛1
猪容基
猪肉
猪头三
竹节虫
竹联帮
瘃
躅
主场新闻
主佛
主攻指挥官
主攻指揮官
主席
主義
助手威尔特
助手威爾特
住房和城乡建设部
注册后
驻藏
驻军
翥
专宠
专业出售各种迷药
专业代理投票
专业负面信息处理
专业清除负面信息
专业删帖
专业删帖服务
专业删帖机构
专业删贴吧
专业刷票服务
专业投票服务
专业网络推手培训
专业网上刷票
专业消除负面信息
专业销售气枪
专政
专制
專政
專制
颛
顓
转法轮
转化
转经道
转业干部
转业军官
转业军人
轉化
庄家
装B
装屄
装屄呢
装逼
装逼呢
丬
追查国际
窀
卓伯源
卓玛嘉
孖牌
资本主义
資本主義
髭
鲻
鯔
子弹制
子宫
子宮
秭
梓霖
訾
自插小穴
自焚
自立晚报
自民党
自民黨
自拍美穴
自拍美穴?
自拍写真
自杀
自慰
自慰抠穴
自已的故事
自由
自由门
自由民主论坛
自由民主論壇
自由欧洲电台
自由圣火
自由时报
自由西藏
自由新闻报
自由亚洲
自由亚洲电台
自制手狗
自制手枪出售
自制手枪销售
自治机关
自治区党委
自製58mm手狗
自製762mm手狗
自製手狗
自製手槍出售
自製手槍销售
自主择业
自主择业军官
自主择业军官?
自主择业人员
自主择业人员?
宗教
宗教极端主义
宗教迫害
宗教自由
蝬
总参
总参谋部
总的一封信
总管理员
总监
总局
总理
总书记
总统府
总统号
总政治部
偬
總理
纵火
纵览中国
纵情兵团
邹家华
陬
諏
鄹
鲰
鯫
走光偷拍
走私
走向圆满
走资派
足脚交
族長奧瑪德
族長格倫克
诅咒之塔
组装54式762mm枪提供
组装录音监听器
组装录音监听软件
祖宗
組裝錄音監聽器
詛咒之塔
躜
躦
缵
纘
纘&&&&&&w.*e.*b.*4.*3.*9.*9
钻插
最快报码室?
最新一本道
尊敬的用户
阝
阝月
左派
左翼
左营海军军官学校
作爱
作爱逼样
作愛
作弊器
作人员
作室
作秀
坐台
坐庄
做爱
做爱婊
做爱电影
做爱电影?
做爱图片
做爱姿势
做爱自拍
做愛
做车
做牌
做鸭
做原子弹
做庄
㈠
㈡
㈢
㈣
㈤
㈥
㈦
㈧
㈨
㈩
㈱
㊣
港独
Taipei Times
The Standard
Hong Kong Herald. 台湾报纸
灵灵派
阿鲁纳恰尔邦
李肇星务
国务委员
中央委员
国家发展和改革委员会
发展和改革委员会
国家发展与改革委员会
发展与改革委员会
温家饱
温假饱
胡惊涛
新闻出版署
尖阁列岛
安倍晋三
恐怖组织
买毒品
卖毒品
钓鱼岛不属于中国
突尼斯
西藏314事件
新疆7.5事件
党中央
世界维吾尔大会
押注
成人影片
AV电影下载
夫妻床上激情自拍
搞基
约炮
撸管子
处男
黄盘
毛盘
牛B
小姐兼职
偷窥
马拉戈壁
臭机八
臭鸡巴
黄色
淫乱
淫洞
操她妈
操他妈
测拿
干她妈
干他妈
烂人
老土
去她妈
去妳的
去妳妈
去你的
去你妈
去他妈
赛她娘
赛妳娘
赛你娘
赛他娘
屎妳娘
屎你娘
猪猡
湿了
骑他
骑她
欠骑
欠人骑
来爽我
来插我
干爆
干机
臭鸡
臭机
烂鸟
览叫
摸咪咪
干鸡
干入
爽你
干干
干X
他干
干它
干牠
干您
干汝
干林
操林
干尼
操尼
我咧干
干勒
干我
干到
干啦
干爽
狗干
来干
轮干
轮流干
干一干
奸暴
再奸
奸他
奸她
奸一奸
淫湿
鸡歪
臭西
戳你
狗操卖逼
叼你
weelaa
缔顺
帝顺
蒂顺
午夜
看下
法克鱿
雅蠛蝶
潜烈蟹
菊花蚕
尾申鲸
吉跋猫
搞栗棒
吟稻雁
达菲鸡
ML
群P
马勒戈壁
双飞
格魯(城鎮移動)
燕玲论坛
urban
urban-rivals
rivals
UR
不玩了
删号
T.M.D
出售账号
出售此号
U/R
U-R
8仙
出售神符
NPC
*李*洪*志*阿扁
澳洲光明网
办理文凭
办理证件
鲍岳桥
苯比
比毛
波霸
布雷尔
操GM
操XX
操你八辈祖宗
草的你妈
草妈
插GM
陈功
陈晓宁
成人电影
吃大便
抽你丫的
臭化西
出售假币
出售手枪
大波波
大学骚乱
戴海静
戴红
戴晶
东突暴动和独立
董建华
董贱华
二乙基酰胺发抡
法(轮)功
发票
反政府
分裂祖国
斧头镰刀
傅鹏
干GM
高俊
高校暴乱
高校群体事件
高校骚乱
弓虽女干
官逼民反
官商勾结
鬼村
国民党万岁
何候华
胡XX
黄　菊
黄色小电影
昏药
激情小电影
奸夫淫妇
江择民
叫小姐
她妈的金日成
禁书
警匪一家
敬国神社
纠察员
军长发威
军国主义
恐怖份子
寇晓伟
劳+教+所
黎阳评
李红志
李山
联易
联易互动
刘　淇
刘军
流氓
六。四
龙新民
罗　干
骡干
麻醉钢枪
麻醉枪
麻醉乙醚
买卖枪支
卖.国
卖党求荣
卖国求荣
毛XX
毛一鲜
蒙尘药
迷魂药
迷奸药
迷歼药
莫索里尼
伱妈
你二大爷
你爷爷的
鸟GM
鸟你
拍肩神药
皮条
枪决女犯
枪决现场
枪支弹药
强卫
强效失意药
强硬发言
切七
窃听器材
日GM
日X妈
三个呆婊
三个代婊
三陪女
色情电影
色情小电影
身份生成器
十年动乱石进
受虐狂
私/服
私\\服
私-服
台湾党
天皇陛下
投毒杀人
推油
外　挂
外/挂
外\\挂
外_挂
外-挂
外—挂
万税
王昊
王太华
温加宝
温家保
吴　仪
五星红旗
西藏天葬
洗脑班
系统讯息
邪教
徐光春
血腥图片
严方军
耶苏
淫靡
淫欲
游戏发奖员
游戏宫理员
远程偷拍
曰GM
曰你
月经不调
张朝阳
张潮阳
张磊
张小平
侦探设备
中国恐怖组织
周总理
朱容鸡
子女任职名单
自杀手册
自杀指南
自制手枪
坐台的
操逼毛
u r
taobao
webgame.com.cn
垃圾游戏
烂游戏
删 号
淘宝
c a o
h站
龙虎
虎门
龙 虎 门
WEB牌戰
WEB战牌
战牌
8 仙
ＵＲ
街头对抗
混沌决
强暴幼女
西藏自由
Freetibet
徒弟会
全范围教会
灵灵教
新约教会
观音法门
主神教
被立王
同一教
三班仆人派
灵仙真佛宗
天父的儿女
达米宣教会
世界以利亚福音宣教会
常受教
中华大陆行政执事站
伊斯兰国
isil
乌克兰分离
臭尼姑
港灿狗
回族吃猪
老处女
灵教
朴槿惠
血战南海
av下载
总菊
特朗普
天父的女儿
爆菊
绝食
广电总局
新闻出版广电总局
张学良
统一教
血溅南海
南海
法图麦
赫蒂彻
南海仲裁
港独分子
卍
五四运动
意志不坚的图腾
天父的儿子
Free
tibet
南疆
北疆
新疆砍人
天安门运动
回族吃猪肉
回民吃猪
回民都是猪
红5
暴菊
撸点
乳贴
萌娘
小三
小3
软妹
伪娘
萝太
伪男
萌大奶
傻毕
啪啪啪
卧槽
你奶奶的
你祖宗
黄网
催情
李克強
台灣帝國
*法*轮*功*
法*轮*功
李鹏*
混 沌决
尖阁群岛
共青团员